s,t,c,o,h,l,v
o,2022-05-11 00:00:00,0.999635,0.9995595,0.9996505,0.99955475,0
k,2022-05-11 00:01:00,0.99965,0.99963962,0.9996505,0.999575,0
,2022-05-11 00:02:00,0.99965,0.99965,0.99965037,0.99955,0
,2022-05-11 00:03:00,0.99965,0.99965,0.99965854,0.99964,0
,2022-05-11 00:04:00,0.99965001,0.99965,0.99977,0.9996,0
,2022-05-11 00:05:00,0.99965001,0.99965,0.9996505,0.99955,0
,2022-05-11 00:06:00,0.99965,0.99965,0.9996505,0.9996,0
,2022-05-11 00:07:00,0.9996,0.99965,0.9996513,0.999575,0
,2022-05-11 00:08:00,0.99965,0.999625,0.99965062,0.999615,0
,2022-05-11 00:09:00,0.99965,0.99965,0.99972037,0.99962432,0
,2022-05-11 00:10:00,0.99965,0.99965,0.99970034,0.99962219,0
,2022-05-11 00:11:00,0.999625,0.99965,0.99965062,0.999625,0
,2022-05-11 00:12:00,0.99962308,0.99963,0.99965,0.9995605,0
,2022-05-11 00:13:00,0.99964,0.99961892,0.99965025,0.99961353,0
,2022-05-11 00:14:00,0.99965,0.99962733,0.99965001,0.99962733,0
,2022-05-11 00:15:00,0.99959999,0.99965,0.99970021,0.9995605,0
,2022-05-11 00:16:00,0.99965565,0.99959999,0.9997015,0.99956075,0
,2022-05-11 00:17:00,0.99964021,0.99965565,0.99965565,0.999625,0
,2022-05-11 00:18:00,0.99965,0.99964644,0.99966222,0.99961762,0
,2022-05-11 00:19:00,0.99965,0.99965,0.99965025,0.99955525,0
,2022-05-11 00:20:00,0.99965,0.99964025,0.99965786,0.99964025,0
,2022-05-11 00:21:00,0.99965,0.99965,0.99965,0.9996305,0
,2022-05-11 00:22:00,0.99965,0.99965,0.9996505,0.9996,0
,2022-05-11 00:23:00,0.9996355,0.99965,0.99965796,0.9996155,0
,2022-05-11 00:24:00,0.99955525,0.99964,0.9996505,0.99955525,0
,2022-05-11 00:25:00,0.99965025,0.99963809,0.99974996,0.99963809,0
,2022-05-11 00:26:00,0.99965537,0.99965075,0.99974993,0.99965,0
,2022-05-11 00:28:00,0.99964,0.99965,0.99965075,0.99964,0
,2022-05-11 00:29:00,0.99965,0.99964,0.99968346,0.9995605,0
,2022-05-11 00:30:00,0.99965062,0.99965,0.99967025,0.99965,0
,2022-05-11 00:31:00,0.99965075,0.99965,0.99965075,0.99965,0
,2022-05-11 00:32:00,0.9996505,0.99965062,0.99969,0.99965,0
,2022-05-11 00:33:00,0.99965062,0.9996505,0.99967025,0.99965,0
,2022-05-11 00:34:00,0.99965075,0.99965062,0.99967,0.99965,0
,2022-05-11 00:35:00,0.9996728,0.99965203,0.99969,0.99965,0
,2022-05-11 00:36:00,0.99966737,0.9996728,0.9996728,0.99965,0
,2022-05-11 00:37:00,0.99965,0.99965062,0.99967098,0.99965,0
,2022-05-11 00:38:00,0.99965025,0.9996505,0.99965075,0.999555,0
,2022-05-11 00:39:00,0.99965,0.99965025,0.9997,0.999575,0
,2022-05-11 00:40:00,0.999675,0.99965075,0.999675,0.99963573,0
,2022-05-11 00:41:00,0.99965,0.999675,0.99970413,0.9996405,0
,2022-05-11 00:42:00,0.99964061,0.99965,0.99965037,0.99960525,0
,2022-05-11 00:43:00,0.99965518,0.99965,0.99974996,0.99965,0
,2022-05-11 00:44:00,0.99965,0.99965075,0.99968,0.99965,0
,2022-05-11 00:45:00,0.99965038,0.99969997,0.99969997,0.99965,0
,2022-05-11 00:46:00,0.99965,0.99965001,0.99965906,0.999631,0
,2022-05-11 00:47:00,0.99965,0.99965,0.99965001,0.999645,0
,2022-05-11 00:48:00,0.99968,0.99965,0.99969996,0.9996495,0
,2022-05-11 00:49:00,0.99965904,0.99968,0.99971496,0.999631,0
,2022-05-11 00:50:00,0.99965,0.99965904,0.99968,0.99963636,0
,2022-05-11 00:51:00,0.99971496,0.99965,0.99974993,0.99958634,0
,2022-05-11 00:52:00,0.99966537,0.99968,0.99968,0.99965,0
,2022-05-11 00:53:00,0.99965038,0.99966856,0.99975,0.99964389,0
,2022-05-11 00:54:00,0.99965001,0.99965444,0.99965444,0.99963891,0
,2022-05-11 00:55:00,0.99965,0.99965001,0.99965038,0.99964075,0
,2022-05-11 00:56:00,0.9996005,0.99965,0.99967008,0.9996005,0
,2022-05-11 00:57:00,0.9997,0.99955,0.99972496,0.99955,0
,2022-05-11 00:58:00,0.99965314,0.9997,0.999755,0.99965,0
,2022-05-11 00:59:00,0.99965,0.99965157,0.99979999,0.99964601,0
,2022-05-11 01:00:00,0.99965075,0.99964763,0.99965179,0.99964763,0
,2022-05-11 01:01:00,0.99965,0.99965001,0.99972,0.99964,0
,2022-05-11 01:02:00,0.99964,0.99965,0.99967506,0.99963,0
,2022-05-11 01:03:00,0.99960025,0.99964,0.99970245,0.99960025,0
,2022-05-11 01:04:00,0.99964145,0.9996,0.99965,0.99957,0
,2022-05-11 01:05:00,0.99962,0.9996459,0.9996459,0.99955038,0
,2022-05-11 01:06:00,0.9996,0.999575,0.999637,0.99955,0
,2022-05-11 01:07:00,1.00010001,0.9996,1.00010001,0.9996,0
,2022-05-11 01:08:00,0.999637,0.99964325,0.99965,0.99955001,0
,2022-05-11 01:09:00,0.999625,0.99961875,0.99965,0.99959256,0
,2022-05-11 01:10:00,0.9996005,0.999625,0.999625,0.99955,0
,2022-05-11 01:11:00,0.99961668,0.99955,0.99968,0.99955,0
,2022-05-11 01:12:00,0.9996,0.99964108,0.99967,0.99957537,0
,2022-05-11 01:13:00,0.9996375,0.99960025,0.99965355,0.999575,0
,2022-05-11 01:14:00,0.99964396,0.9996375,0.99965,0.99955,0
,2022-05-11 01:15:00,0.99955075,0.99963261,0.99965,0.99955075,0
,2022-05-11 01:16:00,0.99963336,0.9996005,0.99964708,0.99955075,0
,2022-05-11 01:17:00,0.99964004,0.99964421,0.99969999,0.9996005,0
,2022-05-11 01:18:00,0.99962344,0.99965,0.99974993,0.99958738,0
,2022-05-11 01:19:00,0.99965,0.99963254,0.99967499,0.99956537,0
,2022-05-11 01:20:00,0.99960025,0.99965,0.99969999,0.99957537,0
,2022-05-11 01:21:00,0.99965,0.99957537,0.99965,0.99955038,0
,2022-05-11 01:22:00,0.999632,0.99965,0.99965,0.999595,0
,2022-05-11 01:23:00,0.9996005,0.999632,0.99967499,0.99955037,0
,2022-05-11 01:24:00,0.999625,0.99961414,0.99965,0.9996,0
,2022-05-11 01:25:00,0.9996385,0.9996481,0.99969999,0.99955,0
,2022-05-11 01:26:00,0.9998,0.999627,0.9998,0.99955075,0
,2022-05-11 01:27:00,0.99955075,0.9997875,0.9997875,0.99955038,0
,2022-05-11 01:28:00,0.9996,0.99958525,0.99964212,0.99955038,0
,2022-05-11 01:29:00,0.9996135,0.99955038,0.99965012,0.99955038,0
,2022-05-11 01:30:00,0.99964645,0.9996135,0.99964645,0.9996,0
,2022-05-11 01:31:00,0.99957537,0.99965076,0.99965076,0.99957537,0
,2022-05-11 01:32:00,0.99961375,0.99957537,0.99965,0.99954999,0
,2022-05-11 01:33:00,0.999627,0.99961375,0.9996385,0.99955037,0
,2022-05-11 01:34:00,0.99962561,0.9996385,0.9996385,0.99955075,0
,2022-05-11 01:35:00,0.99961375,0.99962561,0.9996525,0.99955001,0
,2022-05-11 01:36:00,0.99960025,0.99961375,0.99965,0.99958,0
,2022-05-11 01:37:00,0.99963483,0.99962302,0.99964921,0.999595,0
,2022-05-11 01:38:00,0.99961,0.99963483,0.99963977,0.9996,0
,2022-05-11 01:39:00,0.99962045,0.99961,0.99965,0.99957537,0
,2022-05-11 01:40:00,0.99962529,0.99962525,0.99964439,0.99956787,0
,2022-05-11 01:41:00,0.99963,0.99962529,0.99965215,0.99960025,0
,2022-05-11 01:42:00,0.9996225,0.99962892,0.99965,0.9996005,0
,2022-05-11 01:43:00,0.99964625,0.99962374,0.99964625,0.9996005,0
,2022-05-11 01:44:00,0.9996214,0.99968375,0.999825,0.9996115,0
,2022-05-11 01:45:00,0.99962741,0.9996214,0.99964879,0.99955075,0
,2022-05-11 01:46:00,0.999622,0.99962741,0.99964711,0.99955075,0
,2022-05-11 01:47:00,0.99963045,0.999622,0.99965,0.99961545,0
,2022-05-11 01:48:00,0.99964375,0.99965344,0.99965344,0.99958025,0
,2022-05-11 01:49:00,0.99962525,0.99963751,0.99964943,0.99956,0
,2022-05-11 01:50:00,0.99961481,0.999622,0.99965,0.99961481,0
,2022-05-11 01:51:00,0.99964551,0.99961661,0.99977496,0.9996005,0
,2022-05-11 01:52:00,0.9996215,0.99963941,0.999645,0.99955038,0
,2022-05-11 01:53:00,0.9996481,0.9996215,0.99965,0.99955075,0
,2022-05-11 01:54:00,0.9996215,0.9996481,0.99965069,0.99955075,0
,2022-05-11 01:55:00,0.9996215,0.99962194,0.99965746,0.999611,0
,2022-05-11 01:56:00,0.9996005,0.9996215,0.99965,0.99955075,0
,2022-05-11 01:57:00,0.99962683,0.9996005,0.99965777,0.99959525,0
,2022-05-11 01:58:00,0.9996215,0.99962683,0.99965,0.9996005,0
,2022-05-11 01:59:00,0.99963869,0.9996215,0.99969999,0.9996215,0
,2022-05-11 02:00:00,0.99957562,0.99962158,0.99974993,0.99957562,0
,2022-05-11 02:01:00,0.99962332,0.99957562,0.99969999,0.99955,0
,2022-05-11 02:02:00,0.99964591,0.99962332,0.99965097,0.99955,0
,2022-05-11 02:03:00,0.99955075,0.99964183,0.99967204,0.99955,0
,2022-05-11 02:04:00,0.99961268,0.99955,0.99974749,0.99955,0
,2022-05-11 02:05:00,0.99962025,0.99962,0.99965235,0.99955001,0
,2022-05-11 02:06:00,0.99965996,0.99964111,0.99976996,0.9996005,0
,2022-05-11 02:07:00,0.9996502,0.99965996,0.9997855,0.99957525,0
,2022-05-11 02:08:00,0.99963,0.9996502,0.9998755,0.9996215,0
,2022-05-11 02:09:00,0.9996215,0.9996215,0.99965,0.99955,0
,2022-05-11 02:10:00,0.99964,0.9996215,0.99965024,0.99955075,0
,2022-05-11 02:11:00,0.99965,0.9996205,0.99965,0.99957562,0
,2022-05-11 02:12:00,0.99962025,0.99973,0.999851,0.99955037,0
,2022-05-11 02:13:00,0.99964392,0.99962025,0.99967838,0.99961,0
,2022-05-11 02:14:00,0.9996205,0.99965,0.99965,0.99957562,0
,2022-05-11 02:15:00,0.99964935,0.9996205,0.99967756,0.99957562,0
,2022-05-11 02:16:00,0.99977014,0.99964935,0.99977014,0.99959025,0
,2022-05-11 02:17:00,0.99962525,0.99964028,0.9996481,0.99955001,0
,2022-05-11 02:18:00,0.9996541,0.99955001,0.99965577,0.99955001,0
,2022-05-11 02:19:00,0.99955075,0.9996541,0.9996541,0.99955001,0
,2022-05-11 02:20:00,0.99958,0.99958025,0.99964204,0.99955,0
,2022-05-11 02:21:00,0.99960915,0.99958,0.99962549,0.99955,0
,2022-05-11 02:22:00,0.99962525,0.9996105,0.99962525,0.99955075,0
,2022-05-11 02:23:00,0.99955075,0.99962525,0.99962683,0.99955,0
,2022-05-11 02:24:00,0.99955,0.9996,0.99960025,0.99955,0
,2022-05-11 02:25:00,0.99956,0.99955,0.99956,0.99955,0
,2022-05-11 02:26:00,0.99955001,0.99956,0.9996,0.99955,0
,2022-05-11 02:27:00,0.999595,0.99955001,0.9996005,0.99955001,0
,2022-05-11 02:28:00,0.99955037,0.999595,0.99960025,0.99955,0
,2022-05-11 02:29:00,0.99961553,0.99955075,0.99962525,0.99955,0
,2022-05-11 02:30:00,0.9996005,0.99961553,0.99974993,0.99955,0
,2022-05-11 02:31:00,0.9996005,0.9996005,0.9996255,0.99955,0
,2022-05-11 02:32:00,0.9996005,0.999613,0.9997,0.99955,0
,2022-05-11 02:33:00,0.99955,0.9996005,0.99977,0.99955,0
,2022-05-11 02:34:00,0.99963472,0.99955037,0.99965,0.99955,0
,2022-05-11 02:35:00,0.999613,0.99963472,0.99965,0.99955,0
,2022-05-11 02:36:00,0.9996005,0.9996005,0.999613,0.9996005,0
,2022-05-11 02:37:00,0.99963357,0.9996005,0.99964476,0.9996,0
,2022-05-11 02:38:00,0.9996005,0.99963357,0.99965387,0.99960025,0
,2022-05-11 02:39:00,0.99960025,0.9996005,0.99965,0.99960025,0
,2022-05-11 02:40:00,0.99957562,0.99960025,0.9996105,0.99955001,0
,2022-05-11 02:41:00,0.99962521,0.99957562,0.99962521,0.99955,0
,2022-05-11 02:42:00,0.99964155,0.99961651,0.99965,0.99955,0
,2022-05-11 02:43:00,0.99964619,0.9998,0.9998,0.99955075,0
,2022-05-11 02:44:00,0.9996255,0.9996005,0.9998,0.99955,0
,2022-05-11 02:45:00,0.9996255,0.99962155,0.99964498,0.99958025,0
,2022-05-11 02:46:00,0.99965,0.9996362,0.99965021,0.99955075,0
,2022-05-11 02:47:00,0.99957525,0.99964992,0.99967499,0.99954999,0
,2022-05-11 02:48:00,0.99959025,0.99957525,0.99974249,0.99955075,0
,2022-05-11 02:49:00,0.99961963,0.99959025,0.99965,0.99958,0
,2022-05-11 02:50:00,0.99964325,0.99961963,0.99965128,0.99959025,0
,2022-05-11 02:51:00,0.99964059,0.99963223,0.99967499,0.99958,0
,2022-05-11 02:52:00,0.99967499,0.99964059,0.999825,0.99955037,0
,2022-05-11 02:53:00,0.99965,0.99967499,0.99967499,0.99963775,0
,2022-05-11 02:54:00,0.99965,0.99964665,0.99977499,0.99964665,0
,2022-05-11 02:55:00,0.99965,0.99965,0.99969997,0.9996463,0
,2022-05-11 02:56:00,0.99970037,0.99964637,0.99970037,0.99964141,0
,2022-05-11 02:57:00,0.99965075,0.99970345,0.99970345,0.99964103,0
,2022-05-11 02:58:00,0.99965038,0.99965075,0.9996535,0.99965,0
,2022-05-11 02:59:00,0.99965038,0.99965038,0.99965861,0.99965,0
,2022-05-11 03:00:00,0.99965038,0.99965,0.99965757,0.99965,0
,2022-05-11 03:01:00,0.99965075,0.999811,0.999811,0.99965,0
,2022-05-11 03:02:00,0.99965,0.99965075,0.99969997,0.9996425,0
,2022-05-11 03:03:00,0.9997775,0.99965,0.9997775,0.99958026,0
,2022-05-11 03:04:00,0.99965564,0.999755,0.999755,0.99965001,0
,2022-05-11 03:05:00,0.99965366,0.99966127,0.99973746,0.99960525,0
,2022-05-11 03:06:00,0.99965001,0.99965001,0.99974993,0.99965,0
,2022-05-11 03:07:00,0.99965075,0.99965001,0.99974996,0.99965,0
,2022-05-11 03:08:00,0.99969996,0.99965075,0.99969997,0.99965,0
,2022-05-11 03:09:00,0.99969996,0.99969996,0.99969996,0.99965,0
,2022-05-11 03:10:00,0.99965001,0.99970109,0.99970109,0.99965,0
,2022-05-11 03:11:00,0.99965038,0.99965001,0.99974993,0.99965,0
,2022-05-11 03:12:00,0.99965239,0.99965038,0.99970094,0.99965,0
,2022-05-11 03:13:00,0.99974996,0.99965037,0.99985,0.99964757,0
,2022-05-11 03:14:00,0.99965,0.99963607,0.99969996,0.99963,0
,2022-05-11 03:15:00,0.99965038,0.99965001,0.99974993,0.99960261,0
,2022-05-11 03:16:00,0.99965075,0.99965038,0.99975,0.99965,0
,2022-05-11 03:17:00,0.99965075,0.99965075,0.99974993,0.99965001,0
,2022-05-11 03:18:00,0.99965038,0.9996561,0.99974993,0.99965,0
,2022-05-11 03:19:00,0.99965,0.99965,0.99970034,0.99965,0
,2022-05-11 03:20:00,0.99965075,0.999645,0.9996675,0.999645,0
,2022-05-11 03:21:00,0.99965075,0.99965075,0.99970034,0.99965,0
,2022-05-11 03:22:00,0.99965037,0.99965001,0.99974993,0.99964356,0
,2022-05-11 03:23:00,0.99965,0.99965037,0.99970586,0.99965,0
,2022-05-11 03:24:00,0.99965134,0.99965,0.99965621,0.99965,0
,2022-05-11 03:25:00,0.99965,0.99965134,0.99970804,0.99965,0
,2022-05-11 03:26:00,0.99965038,0.99965,0.99974993,0.99965,0
,2022-05-11 03:27:00,0.99965075,0.99965,0.99965075,0.99964971,0
,2022-05-11 03:28:00,0.99965317,0.99965037,0.99974993,0.999645,0
,2022-05-11 03:29:00,0.99965038,0.9996556,0.99970195,0.99965,0
,2022-05-11 03:30:00,0.99965001,0.99965075,0.99974993,0.99965,0
,2022-05-11 03:31:00,0.99965222,0.99965001,0.9997725,0.99964165,0
,2022-05-11 03:32:00,0.99965075,0.99965038,0.99965222,0.99965,0
,2022-05-11 03:33:00,0.9996255,0.99965075,0.99970872,0.9996255,0
,2022-05-11 03:34:00,0.99965037,0.99963775,0.99965479,0.9996255,0
,2022-05-11 03:35:00,0.99965,0.99965935,0.99974993,0.999605,0
,2022-05-11 03:36:00,0.99979,0.999701,0.99979,0.99965001,0
,2022-05-11 03:37:00,0.99970037,0.99979,0.99979,0.99965,0
,2022-05-11 03:38:00,0.99969787,0.99970037,0.999785,0.99965,0
,2022-05-11 03:39:00,0.99965001,0.99965075,0.99970264,0.999607,0
,2022-05-11 03:40:00,0.99965001,0.99965001,0.99965145,0.99964453,0
,2022-05-11 03:41:00,0.99972496,0.99965001,0.99974993,0.99965,0
,2022-05-11 03:42:00,0.99963619,0.99972496,0.99972496,0.99963619,0
,2022-05-11 03:43:00,0.99965,0.99965,0.999775,0.99964,0
,2022-05-11 03:44:00,0.9996559,0.99965,0.99974993,0.99963332,0
,2022-05-11 03:45:00,0.9996594,0.99965038,0.9996594,0.99965,0
,2022-05-11 03:46:00,0.99965703,0.9996594,0.99974,0.99965,0
,2022-05-11 03:47:00,0.99965,0.99965703,0.99966466,0.99965,0
,2022-05-11 03:48:00,0.99965001,0.99965,0.99974993,0.99965,0
,2022-05-11 03:49:00,0.99965142,0.99965001,0.99965311,0.99965,0
,2022-05-11 03:50:00,0.99965075,0.99965142,0.99965974,0.99965,0
,2022-05-11 03:51:00,0.99966567,0.99965037,0.99966567,0.99965,0
,2022-05-11 03:52:00,0.99965,0.99966567,0.99967537,0.99965,0
,2022-05-11 03:53:00,0.99965038,0.99965,0.99965557,0.99965,0
,2022-05-11 03:54:00,0.99965001,0.99965038,0.99967537,0.99965,0
,2022-05-11 03:55:00,0.99962499,0.99965001,0.99974993,0.99962499,0
,2022-05-11 03:56:00,0.99960557,0.99962499,0.99963117,0.99957,0
,2022-05-11 03:57:00,0.99956925,0.9996063,0.99963,0.9995605,0
,2022-05-11 03:58:00,0.99964,0.99960969,0.99964,0.9995605,0
,2022-05-11 03:59:00,0.99957275,0.99959525,0.99969999,0.99956775,0
,2022-05-11 04:00:00,0.9995815,0.99964144,0.99964266,0.9995815,0
,2022-05-11 04:01:00,0.999625,0.99959,0.99965,0.999571,0
,2022-05-11 04:02:00,0.99963,0.99961,0.99964243,0.9996,0
,2022-05-11 04:03:00,0.99963825,0.99955562,0.99965104,0.99955075,0
,2022-05-11 04:04:00,0.9996005,0.99963,0.99963,0.99955075,0
,2022-05-11 04:05:00,0.999635,0.9996,0.999635,0.99956525,0
,2022-05-11 04:06:00,0.99955562,0.99958025,0.99963725,0.99955001,0
,2022-05-11 04:07:00,0.99955562,0.99955562,0.99964,0.99955,0
,2022-05-11 04:08:00,0.999615,0.99955562,0.99963563,0.99955075,0
,2022-05-11 04:09:00,0.99962949,0.9996,0.999725,0.9995,0
,2022-05-11 04:10:00,0.99955075,0.99962949,0.99965272,0.99955038,0
,2022-05-11 04:11:00,0.99955037,0.99955075,0.9997075,0.99955037,0
,2022-05-11 04:12:00,0.99965,0.99955562,0.99965,0.99955001,0
,2022-05-11 04:13:00,0.99965,0.9995605,0.999675,0.99955,0
,2022-05-11 04:14:00,0.99965,0.99964468,0.99965075,0.9996,0
,2022-05-11 04:15:00,0.99965075,0.99965,0.99965075,0.99959524,0
,2022-05-11 04:16:00,0.99958024,0.9996125,0.99965037,0.9995605,0
,2022-05-11 04:17:00,0.99962431,0.99958024,0.99965037,0.99958024,0
,2022-05-11 04:18:00,0.99965,0.99965,0.99965336,0.9995605,0
,2022-05-11 04:19:00,0.99965,0.99965,0.9997,0.99964203,0
,2022-05-11 04:20:00,0.99967537,0.99965,0.99967537,0.99965,0
,2022-05-11 04:21:00,0.99965537,0.99965075,0.99967673,0.99965,0
,2022-05-11 04:22:00,0.9997,0.99965537,0.9997,0.99965001,0
,2022-05-11 04:23:00,0.99965,0.9997,0.99972496,0.9996311,0
,2022-05-11 04:24:00,0.99965075,0.99965,0.99967537,0.99964199,0
,2022-05-11 04:25:00,0.99965,0.99965037,0.9997,0.99965,0
,2022-05-11 04:26:00,0.99970002,0.99965,0.9997015,0.99965,0
,2022-05-11 04:27:00,0.9997,0.99970002,0.99971,0.99963775,0
,2022-05-11 04:28:00,0.99965,0.9997,0.99971,0.9996005,0
,2022-05-11 04:29:00,0.99966473,0.99965,0.99966473,0.99964672,0
,2022-05-11 04:30:00,0.99965038,0.99965075,0.99968088,0.99965,0
,2022-05-11 04:31:00,0.99965,0.99965038,0.99965222,0.99964254,0
,2022-05-11 04:32:00,0.99965,0.99965,0.99965524,0.99965,0
,2022-05-11 04:33:00,0.99965,0.99965,0.99965,0.99964196,0
,2022-05-11 04:34:00,0.99965075,0.99965,0.99972496,0.99964548,0
,2022-05-11 04:35:00,0.99965,0.9997,0.9997,0.9995605,0
,2022-05-11 04:36:00,0.99965,0.99965,0.99965142,0.99963008,0
,2022-05-11 04:37:00,0.99965,0.99965,0.9996604,0.999615,0
,2022-05-11 04:38:00,0.99965,0.99965,0.99965659,0.99958825,0
,2022-05-11 04:39:00,0.99965075,0.99965,0.99967537,0.99965,0
,2022-05-11 04:40:00,0.99965,0.99965001,0.99965038,0.99959963,0
,2022-05-11 04:41:00,0.99965037,0.99965,0.999675,0.99965,0
,2022-05-11 04:42:00,0.99965297,0.99965037,0.9997,0.99965,0
,2022-05-11 04:43:00,0.99965075,0.99965037,0.99965751,0.99964119,0
,2022-05-11 04:44:00,0.99965038,0.99965075,0.99967537,0.99963851,0
,2022-05-11 04:45:00,0.9997,0.99965038,0.99975037,0.99965,0
,2022-05-11 04:46:00,0.999675,0.99975,0.999775,0.999675,0
,2022-05-11 04:47:00,0.99975075,0.99975,0.99976687,0.999625,0
,2022-05-11 04:48:00,0.9996518,0.99975075,0.999805,0.99965,0
,2022-05-11 04:49:00,0.99965001,0.99965,0.99970596,0.99965,0
,2022-05-11 04:50:00,0.9997,0.99965037,0.99981,0.99965,0
,2022-05-11 04:51:00,0.99965367,0.99972496,0.99975,0.9995605,0
,2022-05-11 04:52:00,0.999725,0.99965367,0.999725,0.99965,0
,2022-05-11 04:53:00,0.99965,0.999725,0.999725,0.99965,0
,2022-05-11 04:54:00,0.99965,0.99965075,0.99972496,0.99964836,0
,2022-05-11 04:55:00,0.99965075,0.99965,0.99974993,0.99960562,0
,2022-05-11 04:56:00,0.99959281,0.99965075,0.9997,0.99955,0
,2022-05-11 04:57:00,0.9997,0.99959281,0.9997,0.99959281,0
,2022-05-11 04:58:00,0.99965,0.99974993,0.99975,0.99963858,0
,2022-05-11 04:59:00,0.99965,0.99965,0.99965811,0.99965,0
,2022-05-11 05:00:00,0.99965,0.99965,0.99965001,0.99965,0
,2022-05-11 05:01:00,0.99965,0.99965,0.99965712,0.99965,0
,2022-05-11 05:02:00,0.99965,0.99965,0.99967537,0.99964447,0
,2022-05-11 05:03:00,0.99965,0.99965,0.999675,0.99964247,0
,2022-05-11 05:04:00,0.99964173,0.999645,0.99965038,0.99963836,0
,2022-05-11 05:05:00,0.99965,0.99965,0.99965037,0.9996305,0
,2022-05-11 05:06:00,0.99965536,0.99965,0.99965536,0.99964361,0
,2022-05-11 05:07:00,0.99965075,0.99965,0.99965075,0.999613,0
,2022-05-11 05:08:00,0.99965038,0.99965,0.99972499,0.99965,0
,2022-05-11 05:09:00,0.99965,0.99965075,0.9997,0.99961117,0
,2022-05-11 05:10:00,0.99972422,0.99965,0.9997305,0.99965,0
,2022-05-11 05:11:00,0.999638,0.99970134,0.99970134,0.99963466,0
,2022-05-11 05:12:00,0.99959999,0.99962125,0.99965,0.99955,0
,2022-05-11 05:13:00,0.99961378,0.99957537,0.99965058,0.999575,0
,2022-05-11 05:14:00,0.99965,0.99962525,0.99971,0.99960122,0
,2022-05-11 05:15:00,0.99965075,0.99967687,0.999735,0.99964288,0
,2022-05-11 05:16:00,0.99965037,0.9997,0.99974993,0.99952,0
,2022-05-11 05:17:00,0.99965,0.99965075,0.99972496,0.99962053,0
,2022-05-11 05:18:00,0.99965075,0.99965,0.99967655,0.999631,0
,2022-05-11 05:19:00,0.99967537,0.99967287,0.99967537,0.99965075,0
,2022-05-11 05:20:00,0.99963698,0.99965037,0.99965037,0.99963698,0
,2022-05-11 05:21:00,0.99965037,0.99965,0.99965037,0.99963422,0
,2022-05-11 05:22:00,0.99965,0.99965,0.9997,0.99965,0
,2022-05-11 05:23:00,0.99965037,0.99965,0.99973496,0.99965,0
,2022-05-11 05:24:00,0.99965037,0.99965037,0.99965037,0.99965037,0
,2022-05-11 05:25:00,0.99965075,0.99965037,0.99965075,0.99965001,0
,2022-05-11 05:26:00,0.99965001,0.99959264,0.99967783,0.99959264,0
,2022-05-11 05:27:00,0.99965,0.99965001,0.99967537,0.99965,0
,2022-05-11 05:28:00,0.99965233,0.99965,0.99967695,0.99964558,0
,2022-05-11 05:29:00,0.99965,0.99965233,0.99965233,0.99965,0
,2022-05-11 05:30:00,0.99965001,0.99965,0.9997,0.99965,0
,2022-05-11 05:31:00,0.99965556,0.99965038,0.99965692,0.99965,0
,2022-05-11 05:32:00,0.99965001,0.99965556,0.999675,0.99965,0
,2022-05-11 05:33:00,0.99965,0.99965001,0.99972496,0.99965,0
,2022-05-11 05:34:00,0.99965,0.999675,0.999675,0.99965,0
,2022-05-11 05:35:00,0.99965037,0.99965,0.99967537,0.99965,0
,2022-05-11 05:36:00,0.99966187,0.99965037,0.99967718,0.99965,0
,2022-05-11 05:37:00,0.99965075,0.99966187,0.99968191,0.99965001,0
,2022-05-11 05:38:00,0.99967537,0.99965075,0.9997,0.99963417,0
,2022-05-11 05:39:00,0.99967537,0.9997,0.9997,0.99964256,0
,2022-05-11 05:40:00,0.99965395,0.9997175,0.9997225,0.99965,0
,2022-05-11 05:41:00,0.99967537,0.99965235,0.9997,0.99963476,0
,2022-05-11 05:42:00,0.99965,0.99964666,0.9997,0.99964666,0
,2022-05-11 05:43:00,0.99965464,0.99965,0.99965464,0.99964825,0
,2022-05-11 05:44:00,0.99965,0.99965464,0.99965801,0.99962836,0
,2022-05-11 05:45:00,0.99965,0.99965,0.999675,0.99964556,0
,2022-05-11 05:46:00,0.99963478,0.99965,0.9997125,0.99963478,0
,2022-05-11 05:47:00,0.99963556,0.99965,0.9997,0.99963556,0
,2022-05-11 05:48:00,0.99965,0.99963556,0.99967537,0.99958525,0
,2022-05-11 05:49:00,0.99965,0.99965,0.99965075,0.9996,0
,2022-05-11 05:50:00,0.99965038,0.99965031,0.99966324,0.99962875,0
,2022-05-11 05:51:00,0.99964032,0.9997,0.9997,0.99964032,0
,2022-05-11 05:52:00,0.9995755,0.99965,0.99965037,0.9995755,0
,2022-05-11 05:53:00,0.99965001,0.999638,0.99971443,0.999638,0
,2022-05-11 05:54:00,0.99965001,0.99965,0.99965038,0.999638,0
,2022-05-11 05:55:00,0.99965,0.99965001,0.99965152,0.9995605,0
,2022-05-11 05:56:00,0.99965,0.99965,0.99968089,0.99965,0
,2022-05-11 05:57:00,0.99965323,0.99965001,0.99965323,0.99965,0
,2022-05-11 05:58:00,0.99965,0.99965323,0.99965353,0.99963821,0
,2022-05-11 05:59:00,0.99963856,0.99965,0.99965075,0.99961243,0
,2022-05-11 06:00:00,0.99965,0.99963856,0.99965627,0.99959468,0
,2022-05-11 06:01:00,0.99965375,0.99965,0.99965676,0.9995605,0
,2022-05-11 06:02:00,0.99965,0.99965075,0.99967649,0.999645,0
,2022-05-11 06:03:00,0.99965,0.99965,0.99965037,0.99965,0
,2022-05-11 06:04:00,0.99965,0.99965,0.99967606,0.9995385,0
,2022-05-11 06:05:00,0.99965,0.99965012,0.99965075,0.9996475,0
,2022-05-11 06:06:00,0.99965,0.99965,0.9997,0.99962271,0
,2022-05-11 06:07:00,0.99965,0.99964746,0.999675,0.99964746,0
,2022-05-11 06:08:00,0.99965,0.99965,0.99965038,0.99965,0
,2022-05-11 06:09:00,0.99965075,0.99965,0.9997,0.99965,0
,2022-05-11 06:10:00,0.99965,0.99965075,0.999675,0.99964996,0
,2022-05-11 06:11:00,0.99964,0.99964992,0.999725,0.9996239,0
,2022-05-11 06:12:00,0.99962496,0.99964,0.99975,0.9996,0
,2022-05-11 06:13:00,0.999769,0.99964996,0.999769,0.99955,0
,2022-05-11 06:14:00,0.99965,0.999769,0.999769,0.99957525,0
,2022-05-11 06:15:00,0.99965037,0.99964303,0.99965037,0.99955,0
,2022-05-11 06:16:00,0.99964992,0.99965037,0.999725,0.99964992,0
,2022-05-11 06:17:00,0.99965,0.99964253,0.9997,0.9995,0
,2022-05-11 06:18:00,0.99965,0.99965,0.99965,0.99957454,0
,2022-05-11 06:19:00,0.99964495,0.99965,0.99967537,0.99964495,0
,2022-05-11 06:20:00,0.99964992,0.99964495,0.9997,0.99960521,0
,2022-05-11 06:21:00,0.99965075,0.99964992,0.999725,0.99964992,0
,2022-05-11 06:22:00,0.99963198,0.99965,0.99965097,0.99963198,0
,2022-05-11 06:23:00,0.99965,0.99963198,0.9997,0.99959798,0
,2022-05-11 06:24:00,0.99965,0.99965,0.99974537,0.99965,0
,2022-05-11 06:25:00,0.99966788,0.99965,0.99967537,0.9995605,0
,2022-05-11 06:26:00,0.99960525,0.99965,0.999675,0.99951,0
,2022-05-11 06:27:00,0.99965,0.99965,0.9997,0.99963805,0
,2022-05-11 06:28:00,0.99967537,0.99965038,0.999725,0.99965,0
,2022-05-11 06:29:00,0.9997,0.99967537,0.9997,0.99955525,0
,2022-05-11 06:30:00,0.99965037,0.99965075,0.999725,0.99965,0
,2022-05-11 06:31:00,0.99965075,0.99965075,0.99965075,0.99965075,0
,2022-05-11 06:32:00,0.99965037,0.999715,1.00010001,0.99964,0
,2022-05-11 06:33:00,0.99965,0.99965037,0.99965075,0.99962111,0
,2022-05-11 06:34:00,0.99965,0.99965,0.99982,0.99964275,0
,2022-05-11 06:35:00,0.99965,0.99964416,0.99970787,0.999564,0
,2022-05-11 06:36:00,0.9996,0.99965,0.99965,0.999575,0
,2022-05-11 06:37:00,0.99965,0.99961494,0.9996569,0.99961494,0
,2022-05-11 06:38:00,0.99965,0.99965,0.99965,0.9996399,0
,2022-05-11 06:39:00,0.99965,0.99966,0.99966,0.99964318,0
,2022-05-11 06:40:00,0.99965,0.99965,0.99965327,0.99963108,0
,2022-05-11 06:41:00,0.99964327,0.99965,0.99965,0.9996005,0
,2022-05-11 06:42:00,0.99965,0.99965,0.99970034,0.99960025,0
,2022-05-11 06:43:00,0.99965,0.99965,0.99965,0.9996,0
,2022-05-11 06:44:00,0.999625,0.99965,0.99965,0.9995725,0
,2022-05-11 06:45:00,0.99955,0.99963179,0.99965037,0.99955,0
,2022-05-11 06:46:00,0.99974521,0.9996,0.99974521,0.999575,0
,2022-05-11 06:47:00,0.9996,0.99974521,0.99974521,0.9996,0
,2022-05-11 06:48:00,0.9996,0.99967537,0.99967575,0.9996,0
,2022-05-11 06:49:00,0.99969996,0.99965,0.99974993,0.999575,0
,2022-05-11 06:50:00,0.99965,0.99969996,0.99975,0.99960001,0
,2022-05-11 06:51:00,0.99974993,0.99975001,0.99975001,0.999625,0
,2022-05-11 06:52:00,0.99965,0.99974993,0.99985,0.99955,0
,2022-05-11 06:53:00,0.99975,0.99975,0.99975,0.9996125,0
,2022-05-11 06:54:00,0.99963775,0.99975,0.99975,0.9996,0
,2022-05-11 06:55:00,0.99963178,0.99963775,0.99975037,0.99955,0
,2022-05-11 06:56:00,0.999575,0.99963178,0.99975037,0.999525,0
,2022-05-11 06:57:00,0.99975,0.99964202,0.99989999,0.99964202,0
,2022-05-11 06:58:00,0.99963997,0.99960001,0.99975,0.99960001,0
,2022-05-11 06:59:00,0.999525,0.99963997,0.99967521,0.999525,0
,2022-05-11 07:00:00,0.99965,0.999575,0.99965,0.99955,0
,2022-05-11 07:01:00,0.9996005,0.9996,0.999825,0.9996,0
,2022-05-11 07:02:00,0.99975,0.9996,0.99975,0.9996,0
,2022-05-11 07:03:00,0.9997,0.99975075,0.99975075,0.99965,0
,2022-05-11 07:04:00,0.99974993,0.999725,0.99975001,0.99963839,0
,2022-05-11 07:05:00,0.9997,0.99974996,0.99975,0.99955,0
,2022-05-11 07:06:00,0.99966044,0.999675,0.99974993,0.9995525,0
,2022-05-11 07:07:00,0.9996213,0.99968022,0.999825,0.9996213,0
,2022-05-11 07:08:00,0.99961,0.9997036,0.9998,0.99961,0
,2022-05-11 07:09:00,0.99975037,0.99975075,0.99975075,0.99964992,0
,2022-05-11 07:10:00,0.99960025,0.99969,0.99969,0.99960001,0
,2022-05-11 07:11:00,0.9997,0.99960025,0.999725,0.999575,0
,2022-05-11 07:12:00,0.99965,0.99965,0.99965336,0.99965,0
,2022-05-11 07:13:00,0.99964996,0.99964992,0.999675,0.99961646,0
,2022-05-11 07:14:00,0.99975075,0.99965,0.999851,0.99964992,0
,2022-05-11 07:15:00,0.99967768,0.99975075,0.99975075,0.99947525,0
,2022-05-11 07:16:00,0.99962746,0.9997,0.999725,0.999605,0
,2022-05-11 07:17:00,0.99972537,0.99964992,0.99972537,0.99964992,0
,2022-05-11 07:18:00,0.99964773,0.99975573,0.99989999,0.9995,0
,2022-05-11 07:19:00,0.9997,0.99965,0.99975,0.99962525,0
,2022-05-11 07:20:00,0.99965,0.9997,0.99975,0.99965,0
,2022-05-11 07:21:00,0.99965,0.99975,0.99975,0.99965,0
,2022-05-11 07:22:00,0.9997,0.99965,0.9997,0.99964687,0
,2022-05-11 07:23:00,0.9997,0.99967,0.9999,0.99965025,0
,2022-05-11 07:24:00,0.9998,0.99980035,0.99982,0.9996355,0
,2022-05-11 07:25:00,0.99975,0.99977537,0.99995,0.99966961,0
,2022-05-11 07:26:00,0.99965031,0.99975,0.99975,0.99965031,0
,2022-05-11 07:27:00,0.99970037,0.99965063,0.99975075,0.999621,0
,2022-05-11 07:28:00,0.99975,0.99975,0.99977,0.99974,0
,2022-05-11 07:29:00,0.99975,0.99975,0.999775,0.99969918,0
,2022-05-11 07:30:00,0.99964558,0.99975,0.99975,0.99964558,0
,2022-05-11 07:31:00,0.99965759,0.99962982,0.99975,0.99962982,0
,2022-05-11 07:32:00,0.99975,0.99965759,0.99975075,0.99965759,0
,2022-05-11 07:33:00,0.99975001,0.9996481,0.9998,0.9996481,0
,2022-05-11 07:34:00,0.99975037,0.99973,0.99984997,0.999575,0
,2022-05-11 07:35:00,0.99975037,0.99975,0.9997575,0.99963376,0
,2022-05-11 07:36:00,0.99965,0.99982497,0.99982497,0.99965,0
,2022-05-11 07:37:00,0.9997265,0.99965,0.99975075,0.99965,0
,2022-05-11 07:38:00,0.999685,0.9997265,0.9997265,0.99965,0
,2022-05-11 07:39:00,0.9997,0.99966706,0.99972,0.99961,0
,2022-05-11 07:40:00,0.99975,0.99975,0.99975037,0.9997,0
,2022-05-11 07:41:00,0.99972,0.999545,0.99972,0.999545,0
,2022-05-11 07:42:00,0.9997,0.9997,0.9997,0.9997,0
,2022-05-11 07:44:00,0.99965,0.99975,0.99975,0.99959479,0
,2022-05-11 07:45:00,0.9998,1.00009,1.00009,0.9997,0
,2022-05-11 07:46:00,0.99975037,0.99975,0.99975037,0.99965,0
,2022-05-11 07:47:00,0.999621,0.99964679,0.99975001,0.999621,0
,2022-05-11 07:48:00,0.999725,0.9995,0.9998575,0.9995,0
,2022-05-11 07:49:00,0.99965,0.9997,0.9997,0.99965,0
,2022-05-11 07:50:00,0.99965,0.99965,0.9997,0.999625,0
,2022-05-11 07:51:00,0.9996379,0.99965,0.99967611,0.9995505,0
,2022-05-11 07:52:00,0.99968,0.99964702,0.99968,0.9996147,0
,2022-05-11 07:53:00,0.99975,0.99962106,0.99975,0.99962106,0
,2022-05-11 07:54:00,0.99975,0.999665,0.99975075,0.99964573,0
,2022-05-11 07:55:00,0.99975,0.99975,0.99975,0.99957525,0
,2022-05-11 07:56:00,0.99965,0.999775,0.999775,0.999573,0
,2022-05-11 07:57:00,0.99982497,0.999601,0.99982497,0.999601,0
,2022-05-11 07:58:00,0.99975037,0.999895,0.99989999,0.99965,0
,2022-05-11 07:59:00,0.99975075,0.99975037,0.9998225,0.99965798,0
,2022-05-11 08:00:00,0.99966654,0.99975,0.99978,0.99956,0
,2022-05-11 08:01:00,0.999555,0.99975,0.999751,0.999555,0
,2022-05-11 08:02:00,0.99975,0.99966272,0.99975,0.999621,0
,2022-05-11 08:03:00,0.99975,0.99975001,0.99975037,0.99965,0
,2022-05-11 08:04:00,0.99975,0.99975,0.99982499,0.9996905,0
,2022-05-11 08:05:00,0.9997405,0.99966591,0.99975,0.9994235,0
,2022-05-11 08:06:00,0.99984995,0.9997405,0.99984995,0.99965,0
,2022-05-11 08:07:00,0.9996555,0.99984995,0.99984995,0.99965,0
,2022-05-11 08:08:00,0.99965057,0.9997,0.99975,0.99965057,0
,2022-05-11 08:09:00,0.99963773,0.99965057,0.9997015,0.99963251,0
,2022-05-11 08:10:00,0.9995755,0.99963773,0.999675,0.9995,0
,2022-05-11 08:11:00,0.99965038,0.9997,0.99972496,0.99955,0
,2022-05-11 08:12:00,0.99955,0.99965038,0.99965038,0.99955,0
,2022-05-11 08:13:00,0.9996836,0.99955,0.9996836,0.9995,0
,2022-05-11 08:14:00,0.9996555,0.99962055,0.9997,0.9995805,0
,2022-05-11 08:15:00,0.99972537,0.99975,0.99977537,0.9996835,0
,2022-05-11 08:16:00,0.99965,0.99975,0.99975,0.99963311,0
,2022-05-11 08:17:00,0.999685,0.99965,0.999725,0.9995,0
,2022-05-11 08:18:00,0.9997305,0.999685,0.99985,0.99966823,0
,2022-05-11 08:19:00,0.99975,0.99965,0.9998,0.99965,0
,2022-05-11 08:20:00,0.9996555,0.999775,0.999775,0.9996555,0
,2022-05-11 08:21:00,0.99968,0.99964913,0.999706,0.99964365,0
,2022-05-11 08:22:00,0.999735,0.999662,0.999735,0.99964522,0
,2022-05-11 08:23:00,0.9996005,0.999735,0.9998,0.9996005,0
,2022-05-11 08:24:00,0.999663,0.9995,0.99975,0.9995,0
,2022-05-11 08:25:00,0.99965,0.999663,0.999725,0.99965,0
,2022-05-11 08:26:00,0.99965,0.99965,0.99965,0.9995,0
,2022-05-11 08:27:00,0.99965,0.99965,0.99972537,0.99962785,0
,2022-05-11 08:28:00,0.99965,0.99965,0.999825,0.9996438,0
,2022-05-11 08:29:00,0.99963839,0.99965,0.99965,0.99962679,0
,2022-05-11 08:30:00,0.99965,0.99965,0.99965075,0.999525,0
,2022-05-11 08:31:00,0.99955,0.99965,0.99965,0.99955,0
,2022-05-11 08:32:00,0.99965,0.9995855,0.99975046,0.9995855,0
,2022-05-11 08:33:00,0.99955,0.99965,0.99969996,0.99955,0
,2022-05-11 08:34:00,0.99965,0.99955,0.9996546,0.99950001,0
,2022-05-11 08:35:00,0.9996,0.99965,0.99965038,0.9995,0
,2022-05-11 08:36:00,0.99965286,0.9996,0.9997055,0.999525,0
,2022-05-11 08:37:00,0.99965,0.99966893,0.99966893,0.99955,0
,2022-05-11 08:38:00,0.9995755,0.99970996,0.99970996,0.99955,0
,2022-05-11 08:39:00,0.99963831,0.99965,0.999661,0.99959185,0
,2022-05-11 08:40:00,0.99955,0.99962663,0.999661,0.999525,0
,2022-05-11 08:41:00,0.99963605,0.99955,0.999684,0.99955,0
,2022-05-11 08:42:00,0.99965037,0.99963605,0.99965037,0.99955,0
,2022-05-11 08:43:00,0.99965,0.99974993,0.99974993,0.99965,0
,2022-05-11 08:44:00,0.9996695,0.99965,0.9996695,0.9995,0
,2022-05-11 08:45:00,0.99972496,0.999689,0.99972496,0.999625,0
,2022-05-11 08:46:00,0.999661,0.99972496,0.99974993,0.99965,0
,2022-05-11 08:47:00,0.99965037,0.9996555,0.99975,0.999525,0
,2022-05-11 08:48:00,0.999588,0.99965037,0.9997,0.99958618,0
,2022-05-11 08:49:00,0.99965037,0.99964122,0.99965075,0.999626,0
,2022-05-11 08:50:00,0.99965,0.99965037,0.9997,0.99965,0
,2022-05-11 08:51:00,0.99965,0.99964546,0.99965001,0.999563,0
,2022-05-11 08:52:00,0.99965,0.99965,0.99965001,0.999625,0
,2022-05-11 08:53:00,0.99965,0.99965,0.9997,0.99955,0
,2022-05-11 08:54:00,0.99957499,0.999638,0.999638,0.99955075,0
,2022-05-11 08:55:00,0.99959999,0.99957499,0.99965,0.99955,0
,2022-05-11 08:56:00,0.99965,0.99955075,0.99965075,0.99955075,0
,2022-05-11 08:57:00,0.99965,0.99965,0.99965001,0.99962432,0
,2022-05-11 08:58:00,0.99965,0.999625,0.99965,0.9996,0
,2022-05-11 08:59:00,0.9995,0.99965,0.99965,0.9995,0
,2022-05-11 09:00:00,0.99964753,0.99955,0.99965,0.99955,0
,2022-05-11 09:01:00,0.99964457,0.99965,0.99965,0.99955,0
,2022-05-11 09:02:00,0.99965,0.99959728,0.99965569,0.99959728,0
,2022-05-11 09:03:00,0.99961853,0.99950001,0.99965,0.99950001,0
,2022-05-11 09:04:00,0.9996,0.99961853,0.99965,0.99955,0
,2022-05-11 09:05:00,0.9996,0.99962107,0.99965,0.99955,0
,2022-05-11 09:06:00,0.9996405,0.9996,0.99964596,0.9995,0
,2022-05-11 09:07:00,0.99965623,0.99965,0.9997,0.99965,0
,2022-05-11 09:08:00,0.99965,0.99965037,0.999718,0.99965,0
,2022-05-11 09:09:00,0.99965363,0.99965,0.999725,0.9996,0
,2022-05-11 09:10:00,0.99965,0.99965181,0.999711,0.9995525,0
,2022-05-11 09:11:00,0.99965075,0.99965,0.99968787,0.999643,0
,2022-05-11 09:12:00,0.99965075,0.99965037,0.9997,0.99965,0
,2022-05-11 09:13:00,0.9996025,0.99968087,0.9997055,0.99950001,0
,2022-05-11 09:14:00,0.99965,0.9996895,0.99975,0.99965,0
,2022-05-11 09:15:00,0.99965,0.999625,0.9997,0.9996,0
,2022-05-11 09:16:00,0.99965128,0.9995,0.99967845,0.9995,0
,2022-05-11 09:17:00,0.9997305,0.99965,0.99974996,0.99965,0
,2022-05-11 09:18:00,0.99967537,0.999925,0.999925,0.99965001,0
,2022-05-11 09:19:00,0.9997,0.99965001,0.999751,0.99963596,0
,2022-05-11 09:20:00,0.99965,0.99967537,0.9997055,0.99964992,0
,2022-05-11 09:21:00,0.99965,0.999725,0.999725,0.99964963,0
,2022-05-11 09:22:00,0.9997,0.99964992,0.9997055,0.9995905,0
,2022-05-11 09:23:00,0.99965,0.99965037,0.99967537,0.99963912,0
,2022-05-11 09:24:00,0.99965001,0.99965,0.9997505,0.99964992,0
,2022-05-11 09:25:00,0.999689,0.99965001,0.99975,0.99965,0
,2022-05-11 09:26:00,0.99967584,0.99965037,0.9997055,0.99955,0
,2022-05-11 09:27:00,0.99965095,0.9997,0.99975,0.99964996,0
,2022-05-11 09:28:00,0.99967537,0.99965095,0.9997,0.99965,0
,2022-05-11 09:29:00,0.99965075,0.999747,0.999751,0.99965,0
,2022-05-11 09:30:00,0.9997055,0.99965,0.9997305,0.99964271,0
,2022-05-11 09:31:00,0.99966311,0.9997055,0.9997055,0.99955,0
,2022-05-11 09:32:00,0.9997,0.99966311,0.99974993,0.99965,0
,2022-05-11 09:33:00,0.99962561,0.9997,0.9999155,0.99962561,0
,2022-05-11 09:34:00,0.9997,0.99965,0.9997,0.9996,0
,2022-05-11 09:35:00,0.9996767,0.99967537,0.99975,0.99965,0
,2022-05-11 09:36:00,0.99967537,0.9996767,0.9997095,0.99965001,0
,2022-05-11 09:37:00,0.99972,0.9997,0.999735,0.99963697,0
,2022-05-11 09:38:00,0.999575,0.999735,0.999735,0.999575,0
,2022-05-11 09:39:00,0.99965265,0.99965001,0.9997055,0.99959668,0
,2022-05-11 09:40:00,0.99964257,0.99965265,0.99965265,0.99964257,0
,2022-05-11 09:41:00,0.9997055,0.99964257,0.999725,0.99964257,0
,2022-05-11 09:42:00,0.99965037,0.9997055,0.9997055,0.99965,0
,2022-05-11 09:43:00,0.99965001,0.99965075,0.9997,0.99964553,0
,2022-05-11 09:44:00,0.99963769,0.99965038,0.999711,0.9995,0
,2022-05-11 09:45:00,0.99965,0.99963769,0.999717,0.9996375,0
,2022-05-11 09:46:00,0.99965037,0.9997165,0.9997165,0.99965,0
,2022-05-11 09:47:00,0.99965,0.99967537,0.999711,0.99955,0
,2022-05-11 09:48:00,0.99965295,0.99965389,0.99968123,0.99955,0
,2022-05-11 09:49:00,0.999734,0.99965075,0.999734,0.99965,0
,2022-05-11 09:50:00,0.99965,0.999718,0.999727,0.99964103,0
,2022-05-11 09:51:00,0.99965001,0.99964883,0.999712,0.99963125,0
,2022-05-11 09:52:00,0.99965038,0.99965001,0.99968087,0.9996385,0
,2022-05-11 09:53:00,0.99965,0.99965038,0.9996675,0.9995925,0
,2022-05-11 09:54:00,0.99965075,0.99965,0.999726,0.99965,0
,2022-05-11 09:55:00,0.99965075,0.99965075,0.999711,0.99965,0
,2022-05-11 09:56:00,0.99965,0.99965075,0.999711,0.99964207,0
,2022-05-11 09:57:00,0.99965075,0.99965075,0.999775,0.99964999,0
,2022-05-11 09:58:00,0.99965,0.99965075,0.99968187,0.99963,0
,2022-05-11 09:59:00,0.99965075,0.99965,0.9998,0.999628,0
,2022-05-11 10:00:00,0.99965221,0.99965727,0.99974446,0.999634,0
,2022-05-11 10:01:00,0.9996315,0.99965,0.99974993,0.99955,0
,2022-05-11 10:02:00,0.99965001,0.99959,0.99974996,0.99955,0
,2022-05-11 10:03:00,0.99965,0.99965,0.999716,0.99965,0
,2022-05-11 10:04:00,0.99965,0.99964215,0.99974996,0.999632,0
,2022-05-11 10:05:00,0.99973046,0.99965,0.99973046,0.99965,0
,2022-05-11 10:06:00,0.99964,0.99974996,0.99974996,0.99964,0
,2022-05-11 10:07:00,0.99965,0.9996955,0.99972,0.99958929,0
,2022-05-11 10:08:00,0.99965,0.99965075,0.9998425,0.99965,0
,2022-05-11 10:09:00,0.99965001,0.99965,0.99974993,0.99963876,0
,2022-05-11 10:10:00,0.99968948,0.99965038,0.99975046,0.99964481,0
,2022-05-11 10:11:00,0.99963892,0.99968948,0.99974993,0.99959649,0
,2022-05-11 10:12:00,0.99984,0.99965037,0.99984,0.99955,0
,2022-05-11 10:13:00,0.99965729,0.999775,0.999775,0.99963,0
,2022-05-11 10:14:00,0.99965,0.99965729,0.999705,0.99965,0
,2022-05-11 10:15:00,0.99957537,0.99968537,0.99968537,0.99955,0
,2022-05-11 10:16:00,0.9995,0.99954999,0.99965313,0.9995,0
,2022-05-11 10:17:00,0.99955,0.99954999,0.999711,0.99954999,0
,2022-05-11 10:18:00,0.99955075,0.99954999,0.99964996,0.99954999,0
,2022-05-11 10:19:00,0.99959287,0.99955038,0.99959287,0.99955037,0
,2022-05-11 10:20:00,0.99955,0.999635,0.999635,0.99955,0
,2022-05-11 10:21:00,0.99964176,0.9995,0.99964176,0.9995,0
,2022-05-11 10:22:00,0.99955038,0.99964176,0.99972,0.99955038,0
,2022-05-11 10:23:00,0.99954999,0.99955075,0.99965,0.9995,0
,2022-05-11 10:24:00,0.99965,0.99952495,0.99965,0.99952495,0
,2022-05-11 10:25:00,0.99963241,0.99954999,0.99965,0.99952499,0
,2022-05-11 10:26:00,0.99955075,0.99963241,0.99965516,0.99955,0
,2022-05-11 10:27:00,0.99964156,0.99956537,0.99968046,0.9995,0
,2022-05-11 10:28:00,0.999641,0.99964546,0.99964992,0.99955075,0
,2022-05-11 10:29:00,0.99955075,0.99964095,0.99965923,0.99955001,0
,2022-05-11 10:30:00,0.99965063,0.99955075,0.99965382,0.99955038,0
,2022-05-11 10:31:00,0.99964178,0.99956,0.9998,0.99954999,0
,2022-05-11 10:32:00,0.99954999,0.99963603,0.99964996,0.99954999,0
,2022-05-11 10:33:00,0.99955075,0.99954999,0.99964992,0.9995,0
,2022-05-11 10:34:00,0.99964719,0.99960033,0.99964996,0.99955,0
,2022-05-11 10:35:00,0.99963815,0.99964446,0.99964614,0.9994605,0
,2022-05-11 10:36:00,0.99955,0.99963815,0.99967935,0.99955,0
,2022-05-11 10:37:00,0.999641,0.99955,0.99969999,0.99952499,0
,2022-05-11 10:38:00,0.999641,0.99964546,0.99964996,0.999525,0
,2022-05-11 10:39:00,0.99964546,0.99964546,0.99965,0.99955,0
,2022-05-11 10:40:00,0.99963369,0.99964546,0.99964996,0.99954999,0
,2022-05-11 10:41:00,0.99955,0.99963369,0.99964996,0.99952499,0
,2022-05-11 10:42:00,0.99955075,0.99955,0.999641,0.999535,0
,2022-05-11 10:43:00,0.99955001,1.00000001,1.00000001,0.99955,0
,2022-05-11 10:44:00,0.99963444,0.99955001,0.99967775,0.99954999,0
,2022-05-11 10:45:00,0.99962586,0.9996394,0.99964992,0.99955037,0
,2022-05-11 10:46:00,0.99962168,0.999641,0.99964546,0.99960002,0
,2022-05-11 10:47:00,0.9996365,0.99961318,0.99965225,0.99959999,0
,2022-05-11 10:48:00,0.99964992,0.99962225,0.9997305,0.9995,0
,2022-05-11 10:49:00,0.99955037,0.99964112,0.99964992,0.99954999,0
,2022-05-11 10:50:00,0.99964996,0.99958537,0.99965,0.99954999,0
,2022-05-11 10:51:00,0.99963423,0.99964836,0.99964992,0.99955001,0
,2022-05-11 10:52:00,0.9996,0.999641,0.99964992,0.99955,0
,2022-05-11 10:53:00,0.99955,0.9996,0.99964975,0.99955,0
,2022-05-11 10:54:00,0.9996,0.99955001,0.99964996,0.99955001,0
,2022-05-11 10:55:00,0.99965,0.9996,0.99967537,0.9995,0
,2022-05-11 10:56:00,0.99965403,0.99965,0.99967,0.99965,0
,2022-05-11 10:57:00,0.99967537,0.99966365,0.9997395,0.99965001,0
,2022-05-11 10:58:00,0.9997,0.99967537,0.9997,0.99964992,0
,2022-05-11 10:59:00,0.99964992,0.9997,0.999715,0.99964992,0
,2022-05-11 11:00:00,0.99967037,0.99964996,0.999725,0.99964992,0
,2022-05-11 11:01:00,0.99967537,0.99967037,0.999706,0.99965001,0
,2022-05-11 11:02:00,0.99965815,0.99967537,0.9997205,0.99959999,0
,2022-05-11 11:03:00,0.999725,0.99965815,0.999725,0.99961752,0
,2022-05-11 11:04:00,0.999675,0.9997,0.9997,0.99948025,0
,2022-05-11 11:05:00,0.99963373,0.99963109,0.9997,0.9995499,0
,2022-05-11 11:06:00,0.99965,0.99963373,0.99965,0.9996,0
,2022-05-11 11:07:00,0.99965037,0.9995005,0.99967646,0.99950025,0
,2022-05-11 11:08:00,0.99964992,0.99965037,0.9996554,0.99964992,0
,2022-05-11 11:09:00,0.9996531,0.99964996,0.99975,0.9995005,0
,2022-05-11 11:10:00,0.99965,0.99965075,0.9997,0.9996473,0
,2022-05-11 11:11:00,0.99965,0.99965,0.999725,0.999569,0
,2022-05-11 11:12:00,0.99959925,0.99965394,0.9997,0.99955,0
,2022-05-11 11:13:00,0.99965127,0.99959925,0.99965127,0.99957,0
,2022-05-11 11:14:00,0.99965037,0.99965,0.9997855,0.99964,0
,2022-05-11 11:15:00,0.99957496,0.99959533,0.99965001,0.99957496,0
,2022-05-11 11:16:00,0.99965,0.999675,0.99967537,0.99964992,0
,2022-05-11 11:17:00,0.99965,0.9996534,0.999751,0.99956,0
,2022-05-11 11:18:00,0.99965075,0.99959996,0.99967537,0.99959996,0
,2022-05-11 11:19:00,0.99962413,0.99968,0.9997,0.9995,0
,2022-05-11 11:20:00,0.99963742,0.99957537,0.99964996,0.99955038,0
,2022-05-11 11:21:00,0.99964038,0.99960371,0.99964276,0.99955,0
,2022-05-11 11:22:00,0.99955,0.99964992,0.99964992,0.99954999,0
,2022-05-11 11:23:00,0.99963123,0.99955,0.99965,0.99955,0
,2022-05-11 11:24:00,0.99955,0.99964992,0.99965711,0.999525,0
,2022-05-11 11:25:00,0.99955037,0.99955,0.99962768,0.99954999,0
,2022-05-11 11:26:00,0.99955075,0.99955037,0.99964519,0.99955001,0
,2022-05-11 11:27:00,0.99955,0.99955075,0.99969999,0.99955,0
,2022-05-11 11:28:00,0.99955037,0.99955,0.99965,0.99954999,0
,2022-05-11 11:29:00,0.99952499,0.99955037,0.99965348,0.99952499,0
,2022-05-11 11:30:00,0.99959999,0.9995,0.99966277,0.9995,0
,2022-05-11 11:31:00,0.99962571,0.99955075,0.99964992,0.99955038,0
,2022-05-11 11:32:00,0.99962571,0.99962571,0.99962571,0.99962571,0
,2022-05-11 11:33:00,0.9996,0.9996015,0.99963029,0.9996,0
,2022-05-11 11:34:00,0.99957537,0.99960001,0.99965009,0.99950025,0
,2022-05-11 11:35:00,0.99960033,0.99962484,0.99964873,0.99955,0
,2022-05-11 11:36:00,0.99955037,0.99960033,0.99964992,0.99955,0
,2022-05-11 11:37:00,0.99954999,0.99954999,0.99964992,0.9994575,0
,2022-05-11 11:38:00,0.99956037,0.99955037,0.9996402,0.99954999,0
,2022-05-11 11:39:00,0.99964992,0.99956037,0.99965,0.99955075,0
,2022-05-11 11:40:00,0.99955038,0.99964992,0.999675,0.99954693,0
,2022-05-11 11:41:00,0.99955075,0.99955038,0.99955075,0.99954999,0
,2022-05-11 11:42:00,0.99955075,0.99955001,0.99962,0.9995224,0
,2022-05-11 11:43:00,0.99964992,0.99955075,0.99964992,0.99952499,0
,2022-05-11 11:44:00,0.9997335,0.99954999,0.9997335,0.9995,0
,2022-05-11 11:45:00,0.99962495,0.99965,0.999675,0.99952091,0
,2022-05-11 11:46:00,0.999601,0.99959999,0.99969,0.9995,0
,2022-05-11 11:47:00,0.99955075,0.9996005,0.9997,0.9995,0
,2022-05-11 11:48:00,0.9995,0.99959,0.99959999,0.9995,0
,2022-05-11 11:49:00,0.99951,0.9994605,0.999725,0.9994605,0
,2022-05-11 11:50:00,0.9995,0.99951,0.99959496,0.99945,0
,2022-05-11 11:51:00,0.99945,0.99953,0.99953,0.999425,0
,2022-05-11 11:52:00,0.999475,0.9995,0.9995,0.99940184,0
,2022-05-11 11:53:00,0.99945,0.9995,0.9997,0.99935075,0
,2022-05-11 11:54:00,0.99936,0.9994505,0.9995175,0.99935037,0
,2022-05-11 11:55:00,0.9995,0.99935537,0.9995,0.9993366,0
,2022-05-11 11:56:00,0.99945,0.99945,0.9995,0.99935,0
,2022-05-11 11:57:00,0.99940002,0.9993255,0.9995,0.9993255,0
,2022-05-11 11:58:00,0.99945037,0.99940002,0.9995775,0.99937067,0
,2022-05-11 11:59:00,0.99945,0.99945075,0.9995,0.99932024,0
,2022-05-11 12:00:00,0.99945,0.99945075,0.999601,0.99935,0
,2022-05-11 12:01:00,0.999375,0.99945037,0.9995,0.99935,0
,2022-05-11 12:02:00,0.9995,0.999375,0.9995,0.9993005,0
,2022-05-11 12:03:00,0.99935,0.999435,0.9995,0.99927587,0
,2022-05-11 12:04:00,0.99940037,0.99927274,0.999475,0.99925548,0
,2022-05-11 12:05:00,0.9995,0.99940037,0.9997,0.9993255,0
,2022-05-11 12:06:00,0.99952,0.9995,0.9997,0.999301,0
,2022-05-11 12:07:00,0.99940037,0.9995,0.9995,0.99935,0
,2022-05-11 12:08:00,0.99945,0.9993255,0.99945,0.999176,0
,2022-05-11 12:09:00,0.99935,0.99935,0.99990001,0.99925,0
,2022-05-11 12:10:00,0.99935,0.99937499,0.9994005,0.99925008,0
,2022-05-11 12:11:00,0.9995,0.99930037,0.9995,0.99925008,0
,2022-05-11 12:12:00,0.99942499,0.9994275,0.9995,0.99925,0
,2022-05-11 12:13:00,0.999301,0.99942499,0.99945,0.99925004,0
,2022-05-11 12:14:00,0.999425,0.999301,0.999425,0.99924999,0
,2022-05-11 12:15:00,0.9993575,0.99939998,0.999475,0.99925037,0
,2022-05-11 12:16:00,0.99935,0.99939998,0.99942499,0.99925057,0
,2022-05-11 12:17:00,0.99935,0.99935,0.99939998,0.999225,0
,2022-05-11 12:18:00,0.99943,0.99935,0.99943,0.99925,0
,2022-05-11 12:19:00,0.99925,0.99935,0.99939998,0.99925,0
,2022-05-11 12:20:00,0.999243,0.999351,0.999375,0.99919487,0
,2022-05-11 12:21:00,0.9992485,0.999243,0.9995,0.99916,0
,2022-05-11 12:22:00,0.999166,0.99914538,0.99934994,0.99914538,0
,2022-05-11 12:23:00,0.99915076,0.999151,0.999265,0.99897575,0
,2022-05-11 12:24:00,0.99912363,0.99915788,0.99927499,0.99912363,0
,2022-05-11 12:25:00,0.999375,0.99914305,0.999375,0.99914305,0
,2022-05-11 12:26:00,0.999235,0.99925,0.99936494,0.999126,0
,2022-05-11 12:27:00,0.99910999,0.99925,0.99925,0.99905,0
,2022-05-11 12:28:00,0.99905074,0.9991635,0.99924986,0.99905037,0
,2022-05-11 12:29:00,0.99905074,0.99905,0.999151,0.99905,0
,2022-05-11 12:30:00,0.99901066,0.99932999,0.99932999,0.99894027,0
,2022-05-11 12:31:00,0.99909999,0.99901066,0.999101,0.99895427,0
,2022-05-11 12:32:00,0.998965,0.99939,0.9995,0.998965,0
,2022-05-11 12:33:00,0.999525,0.99895001,0.999525,0.99895001,0
,2022-05-11 12:35:00,0.998671,0.998721,0.998721,0.998671,0
,2022-05-11 12:36:00,0.998536,0.99854625,0.99854625,0.998536,0
,2022-05-11 12:37:00,0.9986249,0.99825,0.9986249,0.99825,0
,2022-05-11 12:38:00,0.99890001,0.998254,0.999125,0.998254,0
,2022-05-11 12:39:00,0.99890001,0.99890001,0.99890001,0.99890001,0
,2022-05-11 12:40:00,0.99742336,0.9974,0.998475,0.9974,0
,2022-05-11 12:41:00,0.997512,0.99742336,0.997995,0.99742336,0
,2022-05-11 12:42:00,0.99795,0.9976,0.99872477,0.9976,0
,2022-05-11 12:43:00,0.9987725,0.9979,0.9987725,0.9979,0
,2022-05-11 12:44:00,0.9983,0.9983,0.9983,0.9983,0
,2022-05-11 12:45:00,0.99825,0.99795028,0.99825,0.99795028,0
,2022-05-11 12:46:00,0.99769,0.99769,0.99769,0.99769,0
,2022-05-11 12:47:00,0.99825,0.99805026,0.99834987,0.99805026,0
,2022-05-11 12:48:00,0.9988998,0.9981,0.999325,0.99747,0
,2022-05-11 12:50:00,0.99814969,0.99814969,0.99814969,0.99814969,0
,2022-05-11 12:51:00,0.99804968,0.9969575,0.99804968,0.9969575,0
,2022-05-11 12:52:00,0.9953919,0.9953919,0.9953919,0.9953919,0
,2022-05-11 12:53:00,0.99793983,0.99794966,0.99794966,0.99787483,0
,2022-05-11 12:54:00,0.997735,0.997735,0.997735,0.997735,0
,2022-05-11 12:55:00,0.99739998,0.99767228,0.99767228,0.99739998,0
,2022-05-11 12:56:00,0.9972,0.99755,0.99779999,0.99666809,0
,2022-05-11 12:57:00,0.99637,0.996665,0.996665,0.99637,0
,2022-05-11 12:58:00,0.9989499,0.998185,0.9989499,0.99735,0
,2022-05-11 12:59:00,0.99777482,0.9969015,0.998595,0.9969,0
,2022-05-11 13:00:00,0.99785075,0.99775075,0.99785075,0.99688,0
,2022-05-11 13:01:00,0.999,0.99770537,0.999,0.99770537,0
,2022-05-11 13:02:00,0.9979,0.99805,0.99807499,0.99779981,0
,2022-05-11 13:03:00,0.998055,0.99806931,0.99806931,0.99763424,0
,2022-05-11 13:04:00,0.99896,0.99896,0.99896,0.99896,0
,2022-05-11 13:05:00,0.99824986,0.99824986,0.99824986,0.99824986,0
,2022-05-11 13:06:00,0.99824986,0.99905,0.99905,0.99824986,0
,2022-05-11 13:07:00,0.99853,0.9984,0.99853,0.99812574,0
,2022-05-11 13:08:00,0.9988998,0.99853,0.9988998,0.998,0
,2022-05-11 13:09:00,0.998175,0.99834972,0.99834972,0.998175,0
,2022-05-11 13:10:00,0.99834972,0.99834972,0.99834972,0.99834972,0
,2022-05-11 13:11:00,0.99816468,0.99834972,0.99834972,0.997444,0
,2022-05-11 13:12:00,0.99842486,0.9984,0.99842486,0.9983,0
,2022-05-11 13:13:00,0.998375,0.998375,0.998375,0.998375,0
,2022-05-11 13:14:00,0.9984,0.9986,0.9986,0.998275,0
,2022-05-11 13:15:00,0.998375,0.9984,0.9992,0.998375,0
,2022-05-11 13:16:00,0.9984,0.9984,0.9984,0.9977735,0
,2022-05-11 13:17:00,0.99802171,0.9985,0.9985,0.99802171,0
,2022-05-11 13:18:00,0.9983,0.99825,0.9983,0.9982,0
,2022-05-11 13:19:00,0.99810247,0.99810247,0.99810247,0.99810247,0
,2022-05-11 13:20:00,0.998255,0.998175,0.998255,0.99815,0
,2022-05-11 13:21:00,0.99819999,0.99823,0.99825001,0.9971545,0
,2022-05-11 13:22:00,0.99801,0.998105,0.998105,0.99801,0
,2022-05-11 13:23:00,0.998025,0.99812512,0.99812512,0.99797,0
,2022-05-11 13:24:00,0.99805,0.99805,0.99805,0.99805,0
,2022-05-11 13:25:00,0.997935,0.998,0.998,0.9979,0
,2022-05-11 13:26:00,0.99798,0.9978,0.99798,0.9978,0
,2022-05-11 13:28:00,0.99809999,0.99809999,0.99809999,0.99809999,0
,2022-05-11 13:29:00,0.99785,0.99820001,0.998445,0.99785,0
,2022-05-11 13:30:00,0.997515,0.9983575,0.9983575,0.997515,0
,2022-05-11 13:31:00,0.9968495,0.99732478,0.99746,0.9968495,0
,2022-05-11 13:32:00,0.99694951,0.997245,0.99787277,0.99694951,0
,2022-05-11 13:33:00,0.99739999,0.99665,0.99770004,0.99665,0
,2022-05-11 13:34:00,0.997325,0.99749999,0.99749999,0.99724999,0
,2022-05-11 13:35:00,0.99672,0.9972,0.9972,0.99672,0
,2022-05-11 13:36:00,0.9975,0.9975,0.9975,0.9975,0
,2022-05-11 13:37:00,0.99620005,0.99765,0.99765,0.99620005,0
,2022-05-11 13:38:00,0.997275,0.9957,0.9973,0.9957,0
,2022-05-11 13:39:00,0.9971,0.99721,0.99721,0.99667382,0
,2022-05-11 13:40:00,0.9955185,0.9955185,0.9955185,0.9955185,0
,2022-05-11 13:41:00,0.99670343,0.99554,0.99715037,0.9953425,0
,2022-05-11 13:44:00,0.997315,0.997315,0.997315,0.997315,0
,2022-05-11 13:45:00,0.9975,0.9975,0.9975,0.99745,0
,2022-05-11 13:46:00,0.9977,0.99765,0.9977,0.99765,0
,2022-05-11 13:47:00,0.99755,0.99745,0.997575,0.99745,0
,2022-05-11 13:48:00,0.99775,0.9979,0.9979,0.99775,0
,2022-05-11 13:49:00,0.9979,0.99755,0.9979,0.99755,0
,2022-05-11 13:50:00,0.99792483,0.99792483,0.99792483,0.99792483,0
,2022-05-11 13:51:00,0.99769999,0.99779999,0.99779999,0.99769999,0
,2022-05-11 13:52:00,0.99795,0.99806841,0.99820588,0.99795,0
,2022-05-11 13:53:00,0.99819985,0.99797499,0.99819998,0.99797499,0
,2022-05-11 13:54:00,0.99810002,0.99814999,0.99814999,0.99799999,0
,2022-05-11 13:55:00,0.997775,0.99810001,0.99815,0.997775,0
,2022-05-11 13:56:00,0.99807512,0.997775,0.99807512,0.997775,0
,2022-05-11 13:57:00,0.99805,0.998,0.99805,0.998,0
,2022-05-11 13:58:00,0.9978,0.9978,0.99801,0.997512,0
,2022-05-11 13:59:00,0.99809985,0.99808461,0.9985,0.99795,0
,2022-05-11 14:00:00,0.99787495,0.99805,0.99805,0.99785,0
,2022-05-11 14:01:00,0.99799999,0.9978,0.99799999,0.9978,0
,2022-05-11 14:02:00,0.99819998,0.99799999,0.99891,0.99799999,0
,2022-05-11 14:03:00,0.99807546,0.99775,0.998685,0.99775,0
,2022-05-11 14:04:00,0.99822574,0.9989325,0.9989325,0.99809999,0
,2022-05-11 14:05:00,0.99790265,0.99815025,0.99815025,0.996564,0
,2022-05-11 14:06:00,0.99804968,0.99910001,0.99910001,0.99799984,0
,2022-05-11 14:07:00,0.99805,0.99815,0.99829998,0.99805,0
,2022-05-11 14:08:00,0.997009,0.99805037,0.99805037,0.997009,0
,2022-05-11 14:09:00,0.99812,0.998066,0.99812,0.998,0
,2022-05-11 14:10:00,0.9981,0.99771515,0.9981,0.99771515,0
,2022-05-11 14:11:00,0.99797479,0.998075,0.998125,0.99797479,0
,2022-05-11 14:12:00,0.99804968,0.99793,0.99804968,0.99765032,0
,2022-05-11 14:13:00,0.9979945,0.99805,0.99805044,0.9979945,0
,2022-05-11 14:14:00,0.99775,0.99814985,0.99814985,0.9977,0
,2022-05-11 14:15:00,0.99795,0.997925,0.99822537,0.997925,0
,2022-05-11 14:16:00,0.998,0.998,0.99814969,0.998,0
,2022-05-11 14:17:00,0.99795,0.998,0.99815334,0.99795,0
,2022-05-11 14:18:00,0.9979235,0.997975,0.997975,0.9979235,0
,2022-05-11 14:19:00,0.997925,0.9979235,0.997925,0.9979,0
,2022-05-11 14:20:00,0.99785015,0.99817495,0.998575,0.997572,0
,2022-05-11 14:21:00,0.99795,0.99814969,0.99816533,0.99795,0
,2022-05-11 14:22:00,0.997945,0.9985,0.9985,0.997945,0
,2022-05-11 14:23:00,0.9979,0.99795,0.99814969,0.9979,0
,2022-05-11 14:24:00,0.997975,0.99829999,0.99831999,0.99795,0
,2022-05-11 14:25:00,0.998045,0.998055,0.998055,0.998,0
,2022-05-11 14:26:00,0.99805001,0.99811484,0.9983,0.99805001,0
,2022-05-11 14:27:00,0.99801784,0.998025,0.99816934,0.99801784,0
,2022-05-11 14:28:00,0.99804999,0.99805,0.99805,0.99804999,0
,2022-05-11 14:29:00,0.99805,0.99804593,0.998304,0.99804593,0
,2022-05-11 14:30:00,0.99814,0.9980425,0.99814,0.99795,0
,2022-05-11 14:31:00,0.99816,0.998105,0.99816,0.998105,0
,2022-05-11 14:32:00,0.9982,0.998275,0.998275,0.9982,0
,2022-05-11 14:33:00,0.9985,0.9981812,0.9985,0.9981812,0
,2022-05-11 14:34:00,0.99817511,0.99823,0.998277,0.998004,0
,2022-05-11 14:35:00,0.9984,0.9981005,0.9984,0.9981005,0
,2022-05-11 14:36:00,0.99864977,0.998375,0.99864977,0.998375,0
,2022-05-11 14:37:00,0.998543,0.998543,0.998543,0.998543,0
,2022-05-11 14:38:00,0.99835,0.99835,0.99835,0.99835,0
,2022-05-11 14:39:00,0.9985,0.9985,0.9985,0.9984,0
,2022-05-11 14:40:00,0.99865,0.9985,0.99865675,0.9985,0
,2022-05-11 14:41:00,0.99849999,0.99839,0.99849999,0.99839,0
,2022-05-11 14:42:00,0.9986765,0.99849999,0.9986765,0.9984,0
,2022-05-11 14:43:00,0.99882381,0.9986765,0.99884771,0.99865,0
,2022-05-11 14:44:00,0.99899999,0.9988999,0.99905183,0.99885,0
,2022-05-11 14:45:00,0.998902,0.99899999,0.99899999,0.99875,0
,2022-05-11 14:46:00,0.99894981,0.99890931,0.99925499,0.99890931,0
,2022-05-11 14:47:00,0.9989,0.998902,0.9989749,0.998851,0
,2022-05-11 14:48:00,0.9989,0.9986875,0.999025,0.9986875,0
,2022-05-11 14:49:00,0.99907491,0.99869,0.99907491,0.99865017,0
,2022-05-11 14:50:00,0.9989,0.99907491,0.99923345,0.99875,0
,2022-05-11 14:51:00,0.99909999,0.998875,0.99909999,0.998725,0
,2022-05-11 14:52:00,0.99895001,0.99877508,0.99909999,0.99875016,0
,2022-05-11 14:53:00,0.998825,0.99900002,0.9992,0.9988,0
,2022-05-11 14:54:00,0.99905,0.9986225,0.99905001,0.9986225,0
,2022-05-11 14:55:00,0.9992,0.99905,0.9992,0.9986265,0
,2022-05-11 14:56:00,0.99917163,0.99905,0.99917163,0.99900149,0
,2022-05-11 14:57:00,0.99912468,0.99910074,0.99916234,0.99905037,0
,2022-05-11 14:58:00,0.99905074,0.99912598,0.99912598,0.998902,0
,2022-05-11 14:59:00,0.999075,0.9991,0.999165,0.99900149,0
,2022-05-11 15:00:00,0.99907499,0.999075,0.99922493,0.99884,0
,2022-05-11 15:01:00,0.9991001,0.99909999,0.99924986,0.99909999,0
,2022-05-11 15:02:00,0.99923993,0.99905605,0.99923993,0.998901,0
,2022-05-11 15:03:00,0.99905,0.99912505,0.99926499,0.998776,0
,2022-05-11 15:04:00,0.99903672,0.99905024,0.999265,0.998902,0
,2022-05-11 15:05:00,0.99899999,0.99915,0.99915,0.998826,0
,2022-05-11 15:06:00,0.9991,0.99905886,0.9991,0.99905886,0
,2022-05-11 15:07:00,0.99899999,0.99906577,0.99932,0.9989,0
,2022-05-11 15:08:00,0.99895,0.99899999,0.99919998,0.99885,0
,2022-05-11 15:09:00,0.99889319,0.99889489,0.9996,0.99872608,0
,2022-05-11 15:10:00,0.998705,0.9989,0.99902499,0.998702,0
,2022-05-11 15:11:00,0.99893614,0.99880008,0.99893614,0.99880008,0
,2022-05-11 15:12:00,0.998975,0.99893614,0.99922999,0.9984775,0
,2022-05-11 15:13:00,0.99885214,0.998975,0.998975,0.99884008,0
,2022-05-11 15:14:00,0.99892,0.9991001,0.999195,0.99885,0
,2022-05-11 15:15:00,0.99887972,0.99890002,0.999015,0.998551,0
,2022-05-11 15:16:00,0.9989,0.9989,0.99899991,0.998665,0
,2022-05-11 15:17:00,0.99890074,0.998875,0.99893037,0.99883954,0
,2022-05-11 15:18:00,0.99886751,0.9989,0.99890875,0.99877318,0
,2022-05-11 15:19:00,0.99895,0.99890875,0.99904983,0.99890875,0
,2022-05-11 15:20:00,0.9989,0.99895,0.99905,0.99887538,0
,2022-05-11 15:21:00,0.99887501,0.99895,0.99895,0.9986625,0
,2022-05-11 15:22:00,0.9987248,0.99900006,0.9990525,0.99858759,0
,2022-05-11 15:23:00,0.99905749,0.99901755,0.99909999,0.9989,0
,2022-05-11 15:24:00,0.99885037,0.99905749,0.99905749,0.99857509,0
,2022-05-11 15:25:00,0.99852509,0.99878634,0.998995,0.99852509,0
,2022-05-11 15:26:00,0.99892565,0.99855019,0.99894981,0.99855019,0
,2022-05-11 15:27:00,0.99885,0.9988,0.9989525,0.99875,0
,2022-05-11 15:28:00,0.9988249,0.998835,0.99890075,0.99868228,0
,2022-05-11 15:29:00,0.99875448,0.99876691,0.99879,0.99875075,0
,2022-05-11 15:30:00,0.99885037,0.99865,0.99895,0.99865,0
,2022-05-11 15:32:00,0.99905005,0.99899999,0.9991001,0.99885037,0
,2022-05-11 15:33:00,0.99884075,0.9988,0.9990125,0.998104,0
,2022-05-11 15:34:00,0.9988,0.99877861,0.99885,0.99870348,0
,2022-05-11 15:35:00,0.99885,0.9988,0.9995,0.99865,0
,2022-05-11 15:36:00,0.99865,0.99869,0.998835,0.99860001,0
,2022-05-11 15:37:00,0.9987,0.9987,0.9987,0.998505,0
,2022-05-11 15:38:00,0.99858,0.9985,0.99863833,0.998204,0
,2022-05-11 15:39:00,0.99897495,0.99851,0.999224,0.99851,0
,2022-05-11 15:40:00,0.99856499,0.9996,0.9996,0.99834987,0
,2022-05-11 15:41:00,0.99900001,0.99864429,0.999428,0.99864429,0
,2022-05-11 15:42:00,0.99875,0.99899999,0.99899999,0.99856,0
,2022-05-11 15:43:00,0.998551,0.99875037,0.99885571,0.998551,0
,2022-05-11 15:44:00,0.998792,0.99885,0.99885,0.99865,0
,2022-05-11 15:45:00,0.99875075,0.9988,0.9988498,0.99865,0
,2022-05-11 15:46:00,0.99885,0.9987999,0.99897542,0.99865,0
,2022-05-11 15:47:00,0.99867687,0.99875513,0.99902037,0.99867687,0
,2022-05-11 15:48:00,0.9987725,0.9988375,0.99887582,0.998725,0
,2022-05-11 15:49:00,0.9987728,0.99877932,0.99885037,0.99874561,0
,2022-05-11 15:50:00,0.9988015,0.9988,0.99899999,0.9987975,0
,2022-05-11 15:52:00,0.9987,0.99875,0.99875,0.99865001,0
,2022-05-11 15:53:00,0.99865037,0.998675,0.998675,0.998525,0
,2022-05-11 15:54:00,0.99857325,0.998545,0.99857325,0.998545,0
,2022-05-11 15:55:00,0.99855,0.9986,0.9986,0.998499,0
,2022-05-11 15:56:00,0.99874978,0.99857499,0.99874978,0.99855,0
,2022-05-11 15:57:00,0.99865,0.99876989,0.99950001,0.99855,0
,2022-05-11 15:58:00,0.998524,0.99865,0.99909,0.9985,0
,2022-05-11 15:59:00,0.9984515,0.99855,0.9991001,0.9984515,0
,2022-05-11 16:00:00,0.9985,0.9985,0.99866,0.9985,0
,2022-05-11 16:01:00,0.99863645,0.998525,0.99863645,0.998525,0
,2022-05-11 16:02:00,0.99855,0.99859999,0.99861131,0.9985,0
,2022-05-11 16:03:00,0.99850014,0.998525,0.9991001,0.998403,0
,2022-05-11 16:04:00,0.99855137,0.99852507,0.99881575,0.99850007,0
,2022-05-11 16:05:00,0.99855,0.998303,0.99899,0.998303,0
,2022-05-11 16:06:00,0.99858087,0.99865493,0.99865493,0.99854999,0
,2022-05-11 16:07:00,0.99859999,0.99874978,0.99904505,0.99854685,0
,2022-05-11 16:08:00,0.9986749,0.99859999,0.99874978,0.99835022,0
,2022-05-11 16:09:00,0.998585,0.9986749,0.9986749,0.99855,0
,2022-05-11 16:10:00,0.99874978,0.99859251,0.99874978,0.99859251,0
,2022-05-11 16:11:00,0.9987,0.99872,0.99872,0.9987,0
,2022-05-11 16:12:00,0.99875,0.99879865,0.99879865,0.99835022,0
,2022-05-11 16:13:00,0.99838,0.99875,0.9994,0.99838,0
,2022-05-11 16:14:00,0.998825,0.99850001,0.998825,0.99850001,0
,2022-05-11 16:15:00,0.99845,0.9987,0.9987,0.99845,0
,2022-05-11 16:16:00,0.9984,0.9984,0.9984,0.9984,0
,2022-05-11 16:17:00,0.99855,0.998525,0.99855,0.99845,0
,2022-05-11 16:18:00,0.99845,0.99852897,0.99854999,0.9984,0
,2022-05-11 16:19:00,0.9985,0.9985,0.99850002,0.998475,0
,2022-05-11 16:20:00,0.99855883,0.9985,0.99856586,0.99835022,0
,2022-05-11 16:21:00,0.99855075,0.99835022,0.99859999,0.99835022,0
,2022-05-11 16:22:00,0.99845,0.99854999,0.99863075,0.99845,0
,2022-05-11 16:23:00,0.9985,0.998425,0.99860037,0.998204,0
,2022-05-11 16:24:00,0.99844999,0.9985,0.99865,0.99835022,0
,2022-05-11 16:25:00,0.99860287,0.99854241,0.99860287,0.99842511,0
,2022-05-11 16:26:00,0.99860076,0.99855575,0.99865,0.99845,0
,2022-05-11 16:27:00,0.9985,0.99887763,0.99887763,0.99835011,0
,2022-05-11 16:28:00,0.99862999,0.998204,0.99862999,0.998204,0
,2022-05-11 16:29:00,0.9985,0.99866,0.99866,0.9985,0
,2022-05-11 16:30:00,0.9982328,0.99854999,0.99855,0.9982328,0
,2022-05-11 16:31:00,0.998325,0.99846,0.99846,0.998004,0
,2022-05-11 16:32:00,0.99840037,0.99845,0.9985,0.99840037,0
,2022-05-11 16:33:00,0.99832325,0.99832325,0.99832325,0.99832325,0
,2022-05-11 16:34:00,0.99835075,0.99835,0.998425,0.99830049,0
,2022-05-11 16:35:00,0.99827537,0.998405,0.99845,0.99815151,0
,2022-05-11 16:36:00,0.99839998,0.99841,0.998425,0.99805,0
,2022-05-11 16:37:00,0.99815,0.99839998,0.99839998,0.99814,0
,2022-05-11 16:38:00,0.9982751,0.9983375,0.99845,0.99812537,0
,2022-05-11 16:39:00,0.99810012,0.99793,0.9983775,0.99793,0
,2022-05-11 16:40:00,0.99802499,0.99835,0.9984,0.99798,0
,2022-05-11 16:41:00,0.99815025,0.99802499,0.9985,0.99802499,0
,2022-05-11 16:42:00,0.99810049,0.99815025,0.99815025,0.99805074,0
,2022-05-11 16:43:00,0.99815025,0.99824,0.99824186,0.9978999,0
,2022-05-11 16:44:00,0.9982675,0.99805074,0.9985,0.99805074,0
,2022-05-11 16:45:00,0.99815012,0.99816512,0.998335,0.99805,0
,2022-05-11 16:46:00,0.99807513,0.9985,0.9985,0.9978999,0
,2022-05-11 16:47:00,0.99810074,0.99854975,0.9986,0.9981,0
,2022-05-11 16:48:00,0.9980051,0.99819998,0.9983125,0.99795675,0
,2022-05-11 16:49:00,0.99838,0.99805074,0.9985,0.99801574,0
,2022-05-11 16:50:00,0.99821762,0.99809999,0.99835,0.99809999,0
,2022-05-11 16:51:00,0.99805,0.99795224,0.99805,0.99795112,0
,2022-05-11 16:52:00,0.99802075,0.9985,0.998525,0.99770001,0
,2022-05-11 16:53:00,0.99799999,0.99805013,0.99805026,0.99794513,0
,2022-05-11 16:54:00,0.998215,0.99805026,0.998325,0.9978999,0
,2022-05-11 16:55:00,0.99825,0.99805012,0.99835,0.99805012,0
,2022-05-11 16:56:00,0.99785,0.99810013,0.9982,0.99785,0
,2022-05-11 16:57:00,0.99792373,0.99787837,0.99809999,0.99787837,0
,2022-05-11 16:58:00,0.9979275,0.99805074,0.99845,0.997905,0
,2022-05-11 16:59:00,0.99807512,0.99792372,0.99826,0.99792372,0
,2022-05-11 17:00:00,0.9978775,0.99805026,0.99825,0.9978775,0
,2022-05-11 17:01:00,0.99795249,0.99799999,0.99825,0.99795249,0
,2022-05-11 17:02:00,0.99805026,0.997955,0.99805026,0.99795,0
,2022-05-11 17:03:00,0.998,0.99809999,0.998325,0.998,0
,2022-05-11 17:04:00,0.99803654,0.99809999,0.99809999,0.99803654,0
,2022-05-11 17:05:00,0.9979275,0.997875,0.99795001,0.99786182,0
,2022-05-11 17:06:00,0.99795014,0.9975675,0.99795014,0.9975675,0
,2022-05-11 17:07:00,0.997917,0.99795014,0.99795028,0.997917,0
,2022-05-11 17:08:00,0.9978775,0.997955,0.997955,0.9978775,0
,2022-05-11 17:09:00,0.99829999,0.998225,0.9985,0.998225,0
,2022-05-11 17:10:00,0.99855,0.99829999,0.9985525,0.99827699,0
,2022-05-11 17:11:00,0.9983,0.998403,0.99871306,0.99815001,0
,2022-05-11 17:12:00,0.99829998,0.998375,0.9985,0.99816249,0
,2022-05-11 17:13:00,0.998204,0.99809999,0.998244,0.99809999,0
,2022-05-11 17:14:00,0.998256,0.9985,0.9985,0.998242,0
,2022-05-11 17:15:00,0.998075,0.99825,0.99828999,0.99802586,0
,2022-05-11 17:16:00,0.99805026,0.998215,0.99825,0.99805026,0
,2022-05-11 17:17:00,0.9981,0.99805026,0.9982,0.9979,0
,2022-05-11 17:18:00,0.9981,0.99815,0.99821,0.997954,0
,2022-05-11 17:19:00,0.9981,0.9981,0.9981,0.99807513,0
,2022-05-11 17:20:00,0.99825,0.99810149,0.99825,0.998025,0
,2022-05-11 17:21:00,0.99821249,0.99800074,0.99821249,0.997954,0
,2022-05-11 17:22:00,0.9979195,0.99805285,0.99810285,0.9979195,0
,2022-05-11 17:23:00,0.998,0.9979195,0.99845,0.9979195,0
,2022-05-11 17:24:00,0.99799999,0.99809713,0.9981,0.99799999,0
,2022-05-11 17:25:00,0.998455,0.99799999,0.998455,0.99799999,0
,2022-05-11 17:26:00,0.9980505,0.99846,0.99846,0.99805026,0
,2022-05-11 17:27:00,0.998144,0.99802454,0.998144,0.99802454,0
,2022-05-11 17:28:00,0.9979294,0.998144,0.998144,0.9979294,0
,2022-05-11 17:29:00,0.998225,0.99802512,0.998225,0.99802512,0
,2022-05-11 17:30:00,0.9985,0.9979,0.9985,0.9979,0
,2022-05-11 17:31:00,0.99815001,0.99810037,0.9985,0.99810037,0
,2022-05-11 17:32:00,0.99825,0.99844974,0.99910001,0.9982,0
,2022-05-11 17:33:00,0.99825074,0.99825,0.998345,0.998245,0
,2022-05-11 17:34:00,0.99819999,0.99815,0.998225,0.99815,0
,2022-05-11 17:35:00,0.99829998,0.99812249,0.9984,0.99812249,0
,2022-05-11 17:36:00,0.99805026,0.9984,0.9984,0.99805026,0
,2022-05-11 17:37:00,0.9981245,0.99805074,0.99817699,0.99805074,0
,2022-05-11 17:38:00,0.9981,0.99805026,0.99811,0.9979015,0
,2022-05-11 17:39:00,0.9982,0.998127,0.99825,0.99809999,0
,2022-05-11 17:40:00,0.99805112,0.998177,0.998177,0.99795028,0
,2022-05-11 17:41:00,0.99800095,0.99795,0.99800095,0.99795,0
,2022-05-11 17:42:00,0.9982,0.99809998,0.9982225,0.99799999,0
,2022-05-11 17:43:00,0.9981,0.99809999,0.9981,0.99809999,0
,2022-05-11 17:44:00,0.99800014,0.99807,0.9981275,0.99800014,0
,2022-05-11 17:45:00,0.99795001,0.99800014,0.99801379,0.99795001,0
,2022-05-11 17:46:00,0.99826736,0.99794999,0.998445,0.9979,0
,2022-05-11 17:47:00,0.99795,0.998055,0.998055,0.99795,0
,2022-05-11 17:48:00,0.99802749,0.998055,0.998055,0.99802749,0
,2022-05-11 17:49:00,0.99801021,0.99795,0.99810509,0.99795,0
,2022-05-11 17:50:00,0.99817499,0.99797499,0.99817499,0.997765,0
,2022-05-11 17:51:00,0.998275,0.99817499,0.998275,0.99797499,0
,2022-05-11 17:52:00,0.99805,0.99766,0.99805,0.99766,0
,2022-05-11 17:53:00,0.99785029,0.99799,0.998075,0.99785029,0
,2022-05-11 17:54:00,0.99799999,0.9979,0.99799999,0.9979,0
,2022-05-11 17:55:00,0.9978375,0.99799999,0.99799999,0.9978375,0
,2022-05-11 17:56:00,0.9979,0.997905,0.998,0.99785029,0
,2022-05-11 17:57:00,0.99792514,0.9979,0.9981,0.99787764,0
,2022-05-11 17:58:00,0.99787514,0.99785029,0.99824971,0.99765001,0
,2022-05-11 17:59:00,0.9976055,0.99785029,0.9981,0.9976055,0
,2022-05-11 18:00:00,0.99786,0.99792714,0.99814985,0.99767195,0
,2022-05-11 18:01:00,0.99775112,0.99780537,0.998004,0.99772963,0
,2022-05-11 18:02:00,0.99789999,0.99799999,0.998,0.99766872,0
,2022-05-11 18:03:00,0.997825,0.99778,0.99785,0.99773266,0
,2022-05-11 18:04:00,0.9978425,0.9978,0.998002,0.99770002,0
,2022-05-11 18:05:00,0.998004,0.998,0.998045,0.997506,0
,2022-05-11 18:06:00,0.99785001,0.998004,0.998004,0.9976,0
,2022-05-11 18:07:00,0.9980275,0.99779451,0.9980275,0.99779451,0
,2022-05-11 18:08:00,0.99801749,0.9980275,0.998035,0.99782514,0
,2022-05-11 18:09:00,0.99790038,0.99781213,0.998,0.99781213,0
,2022-05-11 18:10:00,0.99805,0.99790038,0.99807499,0.9977945,0
,2022-05-11 18:11:00,0.99799999,0.99805,0.99805,0.997922,0
,2022-05-11 18:12:00,0.99783976,0.99799999,0.998027,0.9978015,0
,2022-05-11 18:13:00,0.998,0.99787953,0.998002,0.99785449,0
,2022-05-11 18:14:00,0.9978,0.997975,0.9981,0.9978,0
,2022-05-11 18:15:00,0.99767751,0.99777369,0.99792714,0.99767751,0
,2022-05-11 18:16:00,0.99805,0.99782514,0.99805,0.9978,0
,2022-05-11 18:17:00,0.99780151,0.99775,0.998017,0.99775,0
,2022-05-11 18:18:00,0.9976555,0.99769,0.99785029,0.9976555,0
,2022-05-11 18:19:00,0.9978275,0.99770003,0.99805,0.9976555,0
,2022-05-11 18:20:00,0.99755,0.99792514,0.998027,0.99745149,0
,2022-05-11 18:21:00,0.9976555,0.99769999,0.998,0.9975785,0
,2022-05-11 18:24:00,0.997635,0.99792514,0.99792514,0.997635,0
,2022-05-11 18:25:00,0.99776499,0.99776499,0.99776499,0.99776499,0
,2022-05-11 18:26:00,0.99775325,0.99805,0.99805,0.99775325,0
,2022-05-11 18:27:00,0.997805,0.9978,0.99799999,0.9978,0
,2022-05-11 18:28:00,0.99786638,0.998055,0.9980775,0.99786638,0
,2022-05-11 18:29:00,0.9979015,0.99787897,0.998125,0.997855,0
,2022-05-11 18:30:00,0.998025,0.998,0.99807499,0.99790002,0
,2022-05-11 18:31:00,0.99805,0.99782003,0.99805,0.99782003,0
,2022-05-11 18:32:00,0.998025,0.997944,0.998154,0.99785029,0
,2022-05-11 18:33:00,0.99805,0.998025,0.9981,0.997857,0
,2022-05-11 18:34:00,0.99790199,0.99805,0.998154,0.99780478,0
,2022-05-11 18:35:00,0.99792,0.997907,0.99799999,0.997907,0
,2022-05-11 18:36:00,0.9977806,0.997942,0.99799999,0.9977806,0
,2022-05-11 18:37:00,0.9978795,0.9977806,0.998029,0.9977806,0
,2022-05-11 18:38:00,0.99787514,0.997904,0.998194,0.99785029,0
,2022-05-11 18:39:00,0.99767169,0.9979,0.99799999,0.99767169,0
,2022-05-11 18:40:00,0.99780261,0.998,0.998,0.99780261,0
,2022-05-11 18:41:00,0.9977,0.997855,0.9979775,0.99763404,0
,2022-05-11 18:42:00,0.99785029,0.997703,0.99785029,0.99766564,0
,2022-05-11 18:43:00,0.997855,0.99785264,0.998025,0.99785264,0
,2022-05-11 18:44:00,0.997855,0.99822,0.99822,0.99771754,0
,2022-05-11 18:45:00,0.99804984,0.99780265,0.99804984,0.99775031,0
,2022-05-11 18:46:00,0.99785,0.998002,0.99804968,0.99771875,0
,2022-05-11 18:47:00,0.9977,0.997855,0.9981,0.9977,0
,2022-05-11 18:48:00,0.99787749,0.997605,0.998075,0.997605,0
,2022-05-11 18:49:00,0.997855,0.997855,0.998075,0.9977,0
,2022-05-11 18:50:00,0.9977775,0.997855,0.997855,0.9977775,0
,2022-05-11 18:51:00,0.99779204,0.99785029,0.99825,0.99779204,0
,2022-05-11 18:52:00,0.99779999,0.99779999,0.99785264,0.997735,0
,2022-05-11 18:53:00,0.99787514,0.99805,0.99814985,0.99787264,0
,2022-05-11 18:54:00,0.99789999,0.99765225,0.99795,0.99765225,0
,2022-05-11 18:55:00,0.998005,0.99770151,0.9981,0.99770151,0
,2022-05-11 18:56:00,0.9977015,0.998005,0.998005,0.99761471,0
,2022-05-11 18:57:00,0.99770003,0.99775251,0.998005,0.99770003,0
,2022-05-11 18:58:00,0.998,0.99770003,0.998,0.99770003,0
,2022-05-11 18:59:00,0.9976555,0.997705,0.998004,0.9976555,0
,2022-05-11 19:00:00,0.99784,0.9979,0.998004,0.99767775,0
,2022-05-11 19:01:00,0.998,0.997595,0.998025,0.997595,0
,2022-05-11 19:02:00,0.99765032,0.99759999,0.99782499,0.997575,0
,2022-05-11 19:03:00,0.997905,0.99794966,0.99794966,0.99762266,0
,2022-05-11 19:04:00,0.99782775,0.997905,0.997905,0.99765291,0
,2022-05-11 19:05:00,0.9977775,0.99769999,0.997945,0.9976245,0
,2022-05-11 19:06:00,0.9977,0.99770475,0.9978525,0.99767612,0
,2022-05-11 19:07:00,0.99775002,0.998004,0.998004,0.99775002,0
,2022-05-11 19:08:00,0.99787499,0.9976555,0.99787499,0.99765291,0
,2022-05-11 19:09:00,0.997591,0.99787499,0.998002,0.997591,0
,2022-05-11 19:10:00,0.99785,0.99757775,0.998,0.99757775,0
,2022-05-11 19:11:00,0.997615,0.9978265,0.9978265,0.997615,0
,2022-05-11 19:12:00,0.99767766,0.9981,0.9981,0.99767766,0
,2022-05-11 19:13:00,0.9979275,0.997755,0.9979275,0.997755,0
,2022-05-11 19:14:00,0.997803,0.997803,0.997803,0.997803,0
,2022-05-11 19:15:00,0.997555,0.9978765,0.9979775,0.997505,0
,2022-05-11 19:16:00,0.997977,0.99788,0.998004,0.99750001,0
,2022-05-11 19:17:00,0.998052,0.9977015,0.998052,0.9977015,0
,2022-05-11 19:18:00,0.997705,0.99795,0.998,0.997705,0
,2022-05-11 19:19:00,0.99775031,0.99795,0.998,0.99775031,0
,2022-05-11 19:20:00,0.99775031,0.99900001,0.99900001,0.99762025,0
,2022-05-11 19:21:00,0.99775031,0.998,0.99805,0.99770203,0
,2022-05-11 19:22:00,0.99765032,0.99775031,0.99799,0.99765032,0
,2022-05-11 19:23:00,0.998004,0.99765032,0.998004,0.99752501,0
,2022-05-11 19:24:00,0.998002,0.998004,0.998004,0.9976055,0
,2022-05-11 19:25:00,0.99781775,0.9978475,0.99838,0.9976055,0
,2022-05-11 19:26:00,0.99762791,0.9976555,0.9976555,0.99753749,0
,2022-05-11 19:27:00,0.998,0.99759999,0.99831833,0.99758,0
,2022-05-11 19:28:00,0.997775,0.997725,0.99785,0.9976055,0
,2022-05-11 19:29:00,0.998,0.99783,0.998,0.9977029,0
,2022-05-11 19:30:00,0.99767,0.9981,0.9981,0.99758,0
,2022-05-11 19:31:00,0.99767516,0.99766002,0.99782501,0.997606,0
,2022-05-11 19:32:00,0.997645,0.99765032,0.99765032,0.997645,0
,2022-05-11 19:33:00,0.997696,0.99760128,0.9979825,0.99760128,0
,2022-05-11 19:34:00,0.9976905,0.9976905,0.9976905,0.9976905,0
,2022-05-11 19:35:00,0.99764408,0.99754999,0.997697,0.9975,0
,2022-05-11 19:36:00,0.9975763,0.99759661,0.99759661,0.9975763,0
,2022-05-11 19:37:00,0.997806,0.9975,0.997806,0.9975,0
,2022-05-11 19:38:00,0.9979,0.99765032,0.9979,0.9975,0
,2022-05-11 19:39:00,0.99754999,0.99755225,0.99757612,0.99754999,0
,2022-05-11 19:40:00,0.99749539,0.9979,0.9979,0.99749539,0
,2022-05-11 19:42:00,0.997598,0.9978,0.99785,0.997598,0
,2022-05-11 19:43:00,0.9976015,0.997598,0.997696,0.997598,0
,2022-05-11 19:45:00,0.99757516,0.997825,0.99785,0.99757516,0
,2022-05-11 19:46:00,0.9976,0.99755,0.9976,0.99755,0
,2022-05-11 19:47:00,0.99767516,0.99765017,0.9978,0.99765017,0
,2022-05-11 19:48:00,0.99737537,0.99745035,0.997547,0.99726,0
,2022-05-11 19:49:00,0.99735002,0.9978,0.997825,0.997348,0
,2022-05-11 19:50:00,0.9975,0.9975,0.9975,0.9975,0
,2022-05-11 19:51:00,0.99739937,0.9977,0.9977,0.99739937,0
,2022-05-11 19:52:00,0.99755034,0.99739937,0.99755034,0.99739937,0
,2022-05-11 19:53:00,0.9975,0.9975,0.997715,0.997424,0
,2022-05-11 19:54:00,0.9976,0.997324,0.99794966,0.9972775,0
,2022-05-11 19:55:00,0.997675,0.99744999,0.997675,0.99728954,0
,2022-05-11 19:56:00,0.9975,0.99757517,0.997665,0.9975,0
,2022-05-11 19:57:00,0.9975,0.99752517,0.99860001,0.9973,0
,2022-05-11 19:58:00,0.9978125,0.9975,0.9978125,0.9975,0
,2022-05-11 19:59:00,0.997375,0.99723076,0.99774963,0.99723076,0
,2022-05-11 20:00:00,0.99745,0.997375,0.9976,0.99728,0
,2022-05-11 20:01:00,0.997475,0.99739999,0.9975,0.99725074,0
,2022-05-11 20:02:00,0.99745035,0.99735037,0.997525,0.99725035,0
,2022-05-11 20:03:00,0.99742516,0.9975,0.9975,0.997358,0
,2022-05-11 20:04:00,0.99755,0.997525,0.99765,0.997399,0
,2022-05-11 20:05:00,0.997399,0.99755,0.99755,0.99725038,0
,2022-05-11 20:06:00,0.99784884,0.99784884,0.99784884,0.99784884,0
,2022-05-11 20:07:00,0.99720149,0.997245,0.997245,0.99720149,0
,2022-05-11 20:08:00,0.997304,0.997304,0.997308,0.99725474,0
,2022-05-11 20:09:00,0.997308,0.997375,0.9975,0.997308,0
,2022-05-11 20:10:00,0.99719499,0.9975,0.9975,0.99719,0
,2022-05-11 20:11:00,0.9973,0.9975,0.9975,0.99719,0
,2022-05-11 20:12:00,0.9969,0.99724999,0.99735019,0.99685075,0
,2022-05-11 20:13:00,0.99675046,0.99693,0.997225,0.99675046,0
,2022-05-11 20:14:00,0.99715,0.99675023,0.99715,0.99671976,0
,2022-05-11 20:15:00,0.99709844,0.9971,0.9971,0.9966115,0
,2022-05-11 20:16:00,0.996582,0.9970999,0.9970999,0.996582,0
,2022-05-11 20:17:00,0.9965,0.99685,0.99685,0.996457,0
,2022-05-11 20:18:00,0.9965,0.99620891,0.996525,0.99620891,0
,2022-05-11 20:19:00,0.9965,0.9963575,0.99682499,0.996315,0
,2022-05-11 20:20:00,0.99657524,0.9966015,0.9966015,0.99655049,0
,2022-05-11 20:21:00,0.99647525,0.9966,0.99665024,0.99613,0
,2022-05-11 20:22:00,0.9964,0.99665,0.99665,0.9962125,0
,2022-05-11 20:23:00,0.996325,0.99642525,0.9965,0.996325,0
,2022-05-11 20:24:00,0.99672474,0.996325,0.99672474,0.996325,0
,2022-05-11 20:25:00,0.99655049,0.99657524,0.99660001,0.9965,0
,2022-05-11 20:26:00,0.99629999,0.99655049,0.99655049,0.99629999,0
,2022-05-11 20:27:00,0.996116,0.99649999,0.9965,0.996116,0
,2022-05-11 20:28:00,0.99620074,0.99632676,0.99632676,0.9962,0
,2022-05-11 20:29:00,0.9962,0.99600805,0.9963,0.99576005,0
,2022-05-11 20:30:00,0.995224,0.99635001,0.99640026,0.995224,0
,2022-05-11 20:31:00,0.99605075,0.9949265,0.99605075,0.9948,0
,2022-05-11 20:32:00,0.99599999,0.9970999,0.9970999,0.99595374,0
,2022-05-11 20:34:00,0.9962,0.9962,0.9962,0.9962,0
,2022-05-11 20:35:00,0.99593548,0.99625001,0.99635052,0.99593548,0
,2022-05-11 20:36:00,0.996225,0.99619998,0.996225,0.99599999,0
,2022-05-11 20:37:00,0.99599999,0.99548,0.99599999,0.99548,0
,2022-05-11 20:39:00,0.99575075,0.99575075,0.99575075,0.99575075,0
,2022-05-11 20:40:00,0.9959,0.9959,0.9959,0.9959,0
,2022-05-11 20:41:00,0.9955,0.9955,0.99595374,0.9955,0
,2022-05-11 20:42:00,0.9955,0.9954875,0.9955,0.9954875,0
,2022-05-11 20:43:00,0.9955,0.9962138,0.9962138,0.9955,0
,2022-05-11 20:44:00,0.99609999,0.99603208,0.99647525,0.995818,0
,2022-05-11 20:45:00,0.996225,0.99619999,0.99622574,0.995909,0
,2022-05-11 20:46:00,0.99614282,0.99615074,0.99634328,0.9959001,0
,2022-05-11 20:47:00,0.9959,0.99613563,0.99613563,0.99575,0
,2022-05-11 20:48:00,0.996225,0.996,0.99694951,0.99581178,0
,2022-05-11 20:49:00,0.996225,0.99610149,0.996225,0.99609018,0
,2022-05-11 20:50:00,0.99615074,0.996225,0.9970999,0.9959001,0
,2022-05-11 20:51:00,0.9960726,0.9964,0.9964,0.99600702,0
,2022-05-11 20:52:00,0.996016,0.99609999,0.99629998,0.99599755,0
,2022-05-11 20:53:00,0.99603916,0.9965,0.9965,0.99602179,0
,2022-05-11 20:54:00,0.9962,0.99601239,0.9962,0.99601239,0
,2022-05-11 20:55:00,0.99632612,0.99810001,0.99826787,0.99619999,0
,2022-05-11 20:56:00,0.99632612,0.99632612,0.99632612,0.99632612,0
,2022-05-11 20:57:00,0.99785,0.99684828,0.99785,0.99684828,0
,2022-05-11 20:58:00,0.99609999,0.99632612,0.99632612,0.9959001,0
,2022-05-11 20:59:00,0.9955,0.99610001,0.99610001,0.9955,0
,2022-05-11 21:00:00,0.99604999,0.995818,0.99604999,0.995068,0
,2022-05-11 21:01:00,0.99559569,0.995521,0.99559569,0.995521,0
,2022-05-11 21:02:00,0.99624941,0.9952,0.9965,0.9952,0
,2022-05-11 21:03:00,0.99564,0.99564,0.99564,0.99564,0
,2022-05-11 21:04:00,0.99595054,0.996,0.996305,0.9953,0
,2022-05-11 21:05:00,0.99575028,0.99595028,0.99619998,0.9955,0
,2022-05-11 21:06:00,0.9960998,0.99597505,0.9960998,0.9955,0
,2022-05-11 21:07:00,0.995124,0.9958,0.9958,0.995124,0
,2022-05-11 21:09:00,0.99780001,0.99780001,0.99780001,0.99780001,0
,2022-05-11 21:10:00,0.99605,0.99605,0.99605,0.99605,0
,2022-05-11 21:11:00,0.99543504,0.996055,0.996055,0.99543504,0
,2022-05-11 21:12:00,0.996,0.996,0.996,0.996,0
,2022-05-11 21:13:00,0.996075,0.9965,0.996595,0.99592542,0
,2022-05-11 21:14:00,0.99614939,0.996075,0.99614939,0.9946795,0
,2022-05-11 21:15:00,0.99538376,0.99575061,0.99620005,0.99538376,0
,2022-05-11 21:16:00,0.9960125,0.99539372,0.9960125,0.99539372,0
,2022-05-11 21:17:00,0.99592505,0.9960125,0.99618719,0.99592505,0
,2022-05-11 21:18:00,0.99615001,0.99592505,0.99615001,0.99564966,0
,2022-05-11 21:19:00,0.99595005,0.99601999,0.99605,0.99595005,0
,2022-05-11 21:20:00,0.995572,0.996,0.99605,0.995572,0
,2022-05-11 21:21:00,0.9959,0.995572,0.996025,0.995572,0
,2022-05-11 21:22:00,0.99605074,0.9959001,0.99605074,0.9959001,0
,2022-05-11 21:23:00,0.9958253,0.99604999,0.99610074,0.9958253,0
,2022-05-11 21:24:00,0.99599999,0.99604938,0.9965,0.9958,0
,2022-05-11 21:25:00,0.995521,0.99595,0.99595,0.995521,0
,2022-05-11 21:26:00,0.99585,0.99605,0.99640749,0.99585,0
,2022-05-11 21:27:00,0.99679995,0.996,0.99785,0.99563668,0
,2022-05-11 21:28:00,0.996038,0.99615074,0.99615074,0.9959001,0
,2022-05-11 21:29:00,0.99615037,0.996005,0.99615037,0.996005,0
,2022-05-11 21:30:00,0.9962,0.9962,0.996225,0.99615001,0
,2022-05-11 21:31:00,0.9962,0.9962,0.99620074,0.996175,0
,2022-05-11 21:32:00,0.99615,0.99619999,0.99619999,0.99615,0
,2022-05-11 21:33:00,0.9974,0.9961,0.9974,0.99600005,0
,2022-05-11 21:34:00,0.99615037,0.9965,0.9965,0.99615,0
,2022-05-11 21:35:00,0.99605,0.99615,0.99617537,0.99605,0
,2022-05-11 21:36:00,0.9960998,0.99605,0.9960998,0.99583825,0
,2022-05-11 21:37:00,0.9959001,0.99575061,0.99609999,0.99575061,0
,2022-05-11 21:38:00,0.9957843,0.9959001,0.9959001,0.9954215,0
,2022-05-11 21:39:00,0.995529,0.9957,0.9957,0.9955,0
,2022-05-11 21:40:00,0.9959075,0.99545,0.9961279,0.99545,0
,2022-05-11 21:41:00,0.9959015,0.9959075,0.9959075,0.9955,0
,2022-05-11 21:42:00,0.995875,0.99595,0.99614939,0.99569031,0
,2022-05-11 21:43:00,0.996009,0.99593,0.996009,0.99585059,0
,2022-05-11 21:44:00,0.995588,0.996009,0.99618,0.995588,0
,2022-05-11 21:45:00,0.99635026,0.99603222,0.99645,0.995918,0
,2022-05-11 21:46:00,0.9960965,0.99635026,0.99635026,0.99549999,0
,2022-05-11 21:47:00,0.99622501,0.99642612,0.996612,0.995475,0
,2022-05-11 21:48:00,0.9960135,0.996023,0.99620028,0.9960135,0
,2022-05-11 21:49:00,0.99635074,0.99625224,0.99635074,0.9958433,0
,2022-05-11 21:50:00,0.996067,0.997205,0.997205,0.99580777,0
,2022-05-11 21:51:00,0.996017,0.996067,0.9966549,0.9957685,0
,2022-05-11 21:52:00,0.99605056,0.996017,0.99644944,0.996017,0
,2022-05-11 21:53:00,0.99610678,0.9965,0.9965,0.99587758,0
,2022-05-11 21:54:00,0.996117,0.9959,0.996117,0.9959,0
,2022-05-11 21:55:00,0.99604528,0.9970999,0.9983,0.9959001,0
,2022-05-11 21:56:00,0.99577,0.9958845,0.9958845,0.99577,0
,2022-05-11 21:57:00,0.99577373,0.99605056,0.99625,0.99577373,0
,2022-05-11 21:58:00,0.9962276,0.99577373,0.99625027,0.99574586,0
,2022-05-11 21:59:00,0.99585,0.9962276,0.9965,0.99583375,0
,2022-05-11 22:00:00,0.9964395,0.99585,0.9964395,0.99585,0
,2022-05-11 22:01:00,0.99585,0.99585,0.99585,0.99585,0
,2022-05-11 22:02:00,0.99585,0.9959001,0.99604,0.99585,0
,2022-05-11 22:03:00,0.99680425,0.9960035,0.9970999,0.995825,0
,2022-05-11 22:04:00,0.9962325,0.9965745,0.9965745,0.995875,0
,2022-05-11 22:05:00,0.995875,0.9962325,0.99625001,0.9958,0
,2022-05-11 22:06:00,0.9959088,0.995875,0.99622501,0.995825,0
,2022-05-11 22:07:00,0.99600325,0.99604,0.99620002,0.995875,0
,2022-05-11 22:08:00,0.99600425,0.99604528,0.99612602,0.9959,0
,2022-05-11 22:09:00,0.99612529,0.995918,0.99612529,0.995874,0
,2022-05-11 22:10:00,0.9963,0.99620002,0.9963,0.99604,0
,2022-05-11 22:11:00,0.996332,0.9963,0.99634942,0.99614025,0
,2022-05-11 22:12:00,0.9965,0.996332,0.9965,0.99597,0
,2022-05-11 22:13:00,0.99587534,0.99708,0.99708,0.99587534,0
,2022-05-11 22:14:00,0.99620075,0.99604,0.99620075,0.99585059,0
,2022-05-11 22:15:00,0.99560239,0.99559142,0.996016,0.99559142,0
,2022-05-11 22:16:00,0.99585059,0.99539289,0.996028,0.99539289,0
,2022-05-11 22:17:00,0.996016,0.99585059,0.996016,0.9955595,0
,2022-05-11 22:18:00,0.99593329,0.996016,0.9961249,0.99550945,0
,2022-05-11 22:19:00,0.99546629,0.99593329,0.996016,0.99544364,0
,2022-05-11 22:20:00,0.995361,0.99546629,0.996017,0.9950725,0
,2022-05-11 22:21:00,0.99595029,0.995669,0.99595029,0.9952355,0
,2022-05-11 22:22:00,0.9957685,0.99595029,0.99595029,0.995332,0
,2022-05-11 22:23:00,0.995761,0.995575,0.99597505,0.99552621,0
,2022-05-11 22:24:00,0.99625074,0.99593499,0.99625074,0.9958735,0
,2022-05-11 22:25:00,0.996935,0.996183,0.996935,0.99572,0
,2022-05-11 22:26:00,0.99614939,0.99596505,0.99674823,0.99596505,0
,2022-05-11 22:27:00,0.99613269,0.99614939,0.99620006,0.995669,0
,2022-05-11 22:28:00,0.9963825,0.99610007,0.9963825,0.99591576,0
,2022-05-11 22:29:00,0.99595,0.99625001,0.996276,0.99589075,0
,2022-05-11 22:30:00,0.9959133,0.99610149,0.99723995,0.9959133,0
,2022-05-11 22:31:00,0.99595,0.99595,0.99595,0.99595,0
,2022-05-11 22:32:00,0.99599875,0.99614939,0.996176,0.99599875,0
,2022-05-11 22:33:00,0.99614939,0.9959665,0.99618849,0.9959665,0
,2022-05-11 22:34:00,0.995717,0.99614939,0.99615001,0.995717,0
,2022-05-11 22:35:00,0.995895,0.995717,0.9970999,0.995659,0
,2022-05-11 22:36:00,0.996183,0.995895,0.996183,0.995895,0
,2022-05-11 22:37:00,0.99610075,0.996183,0.9970999,0.995962,0
,2022-05-11 22:38:00,0.9957253,0.99604969,0.99610149,0.99565,0
,2022-05-11 22:39:00,0.99593468,0.99586075,0.99803,0.995709,0
,2022-05-11 22:40:00,0.995918,0.995898,0.99592,0.99568525,0
,2022-05-11 22:41:00,0.99565,0.9957,0.99595818,0.99565,0
,2022-05-11 22:42:00,0.99565888,0.995709,0.99594936,0.99565888,0
,2022-05-11 22:43:00,0.99561938,0.99562,0.99575,0.99561938,0
,2022-05-11 22:44:00,0.99568575,0.99561938,0.995967,0.99561938,0
,2022-05-11 22:45:00,0.99585388,0.995718,0.9958555,0.9956,0
,2022-05-11 22:46:00,0.99582505,0.99588,0.9960415,0.99555064,0
,2022-05-11 22:47:00,0.99590905,0.99582505,0.99597,0.99582505,0
,2022-05-11 22:48:00,0.99567938,0.9959001,0.9959001,0.9952875,0
,2022-05-11 22:49:00,0.99575,0.9956385,0.99575,0.99552,0
,2022-05-11 22:50:00,0.99573283,0.99568475,0.99590455,0.9956585,0
,2022-05-11 22:51:00,0.99567825,0.99573283,0.99594936,0.99564725,0
,2022-05-11 22:52:00,0.99584935,0.99566425,0.99584935,0.9955,0
,2022-05-11 22:53:00,0.99569225,0.99584935,0.996365,0.99567975,0
,2022-05-11 22:54:00,0.9956595,0.9956845,0.99584935,0.99563824,0
,2022-05-11 22:55:00,0.995913,0.99567975,0.995913,0.99565475,0
,2022-05-11 22:56:00,0.996775,0.99800747,0.99800747,0.99560317,0
,2022-05-11 22:57:00,0.995675,0.9960294,0.9960294,0.9956,0
,2022-05-11 22:58:00,0.9955,0.995675,0.99595038,0.9955,0
,2022-05-11 22:59:00,0.9957045,0.9955,0.995959,0.9955,0
,2022-05-11 23:00:00,0.99567925,0.99570225,0.9961637,0.99559,0
,2022-05-11 23:01:00,0.99584935,0.99567925,0.9961775,0.995545,0
,2022-05-11 23:02:00,0.99574967,0.99574967,0.99585075,0.99561,0
,2022-05-11 23:03:00,0.9956442,0.99574967,0.99586217,0.9956,0
,2022-05-11 23:04:00,0.995725,0.9956442,0.9959409,0.995605,0
,2022-05-11 23:05:00,0.995677,0.995725,0.995782,0.995525,0
,2022-05-11 23:06:00,0.99571438,0.99563479,0.99577467,0.9956,0
,2022-05-11 23:07:00,0.99571145,0.99571438,0.99581,0.995675,0
,2022-05-11 23:08:00,0.99565,0.99571,0.99578791,0.99565,0
,2022-05-11 23:09:00,0.99550557,0.99578893,0.99583451,0.99545065,0
,2022-05-11 23:10:00,0.9954,0.99550557,0.995665,0.99535,0
,2022-05-11 23:11:00,0.995609,0.99535,0.9960044,0.99535,0
,2022-05-11 23:12:00,0.99573,0.99565,0.9958015,0.995505,0
,2022-05-11 23:13:00,0.99586956,0.9957335,0.99598327,0.99562325,0
,2022-05-11 23:14:00,0.995768,0.99578401,0.9960895,0.99565,0
,2022-05-11 23:15:00,0.99565,0.995768,0.99626,0.99565,0
,2022-05-11 23:16:00,0.9957,0.99565,0.9957,0.9956,0
,2022-05-11 23:17:00,0.99570002,0.99565,0.99584935,0.99563375,0
,2022-05-11 23:18:00,0.99579648,0.99570002,0.99584935,0.995575,0
,2022-05-11 23:19:00,0.99553225,0.99578097,0.99578097,0.9955,0
,2022-05-11 23:20:00,0.99574967,0.9956145,0.99574967,0.9956145,0
,2022-05-11 23:21:00,0.99567975,0.99575642,0.995899,0.99562,0
,2022-05-11 23:22:00,0.99549275,0.99560475,0.9956815,0.99549275,0
,2022-05-11 23:23:00,0.9955855,0.99548025,0.99584935,0.99548025,0
,2022-05-11 23:24:00,0.995625,0.9955855,0.99568001,0.9954,0
,2022-05-11 23:25:00,0.99569,0.99565,0.9957,0.9955,0
,2022-05-11 23:26:00,0.9955,0.99566501,0.99566501,0.99545,0
,2022-05-11 23:27:00,0.99545037,0.99547532,0.995484,0.99535,0
,2022-05-11 23:28:00,0.99545037,0.99545074,0.9955,0.995212,0
,2022-05-11 23:29:00,0.995356,0.99545037,0.995481,0.99517514,0
,2022-05-11 23:30:00,0.995475,0.995356,0.9955,0.995356,0
,2022-05-11 23:31:00,0.995356,0.99545,0.99552537,0.995356,0
,2022-05-11 23:32:00,0.995506,0.995356,0.99555001,0.99525625,0
,2022-05-11 23:33:00,0.9953875,0.9962,0.9962,0.99535,0
,2022-05-11 23:34:00,0.99545037,0.9953365,0.99545074,0.99527534,0
,2022-05-11 23:35:00,0.995282,0.99564932,0.99564932,0.995282,0
,2022-05-11 23:36:00,0.995475,0.995282,0.99557466,0.995274,0
,2022-05-11 23:37:00,0.99540149,0.995387,0.9955,0.995387,0
,2022-05-11 23:38:00,0.99525068,0.99540149,0.9955,0.995127,0
,2022-05-11 23:39:00,0.9952075,0.99525068,0.99545,0.99507025,0
,2022-05-11 23:40:00,0.9955,0.99502825,0.9955,0.99502825,0
,2022-05-11 23:41:00,0.995126,0.9956,0.9956,0.995126,0
,2022-05-11 23:42:00,0.99521284,0.995126,0.9955,0.995126,0
,2022-05-11 23:43:00,0.9955,0.99521284,0.995525,0.99500678,0
,2022-05-11 23:44:00,0.9954,0.9955,0.9960998,0.995295,0
,2022-05-11 23:45:00,0.99535037,0.99535074,0.9955,0.99523837,0
,2022-05-11 23:46:00,0.99535001,0.99535001,0.995475,0.99535,0
,2022-05-11 23:47:00,0.99537501,0.99535001,0.9955,0.99514648,0
,2022-05-11 23:48:00,0.9955,0.9955,0.9955,0.99513884,0
,2022-05-11 23:49:00,0.99545,0.9955,0.9955,0.99494492,0
,2022-05-11 23:50:00,0.99545037,0.99537537,0.9955,0.99523737,0
,2022-05-11 23:51:00,0.99532534,0.99545037,0.99545037,0.995124,0
,2022-05-11 23:52:00,0.99545,0.99540074,0.99545,0.99524,0
,2022-05-11 23:53:00,0.995425,0.99545,0.9955,0.9954,0
,2022-05-11 23:54:00,0.995425,0.99535,0.9955,0.99472792,0
,2022-05-11 23:55:00,0.99545074,0.995425,0.99545074,0.9948765,0
,2022-05-11 23:56:00,0.995336,0.99545074,0.9955,0.995336,0
,2022-05-11 23:57:00,0.99524,0.99525001,0.995425,0.994737,0
,2022-05-11 23:58:00,0.995311,0.995322,0.995336,0.99501085,0
,2022-05-11 23:59:00,0.99502545,0.99525,0.99535,0.99495425,0
,2022-05-12 00:00:00,0.995124,0.99502545,0.995311,0.99475989,0
